"p","q","case","s","neg2logL","k_total","T_eff","logLik","AIC","BIC","HQ","AICc","ICOMP","RICOMP","boundsF_stat","boundsF_p","boundsT_stat","boundsT_p","theta_hat","theta_se","a_hat","den","s_K","admissible","failed","error_msg","ICOMP_Misspec","spec_idx"
1,1,1,"s0",NA,NA,NA,NA,NA,NA,NA,NA,NA,NA,NA,NA,NA,NA,NA,NA,NA,NA,0.5,FALSE,TRUE,"The length of 'order' is not correct",NA,1
2,1,1,"s0",NA,NA,NA,NA,NA,NA,NA,NA,NA,NA,NA,NA,NA,NA,NA,NA,NA,NA,0.333333333333333,FALSE,TRUE,"The length of 'order' is not correct",NA,2
3,1,1,"s0",NA,NA,NA,NA,NA,NA,NA,NA,NA,NA,NA,NA,NA,NA,NA,NA,NA,NA,0.25,FALSE,TRUE,"The length of 'order' is not correct",NA,3
4,1,1,"s0",NA,NA,NA,NA,NA,NA,NA,NA,NA,NA,NA,NA,NA,NA,NA,NA,NA,NA,0.2,FALSE,TRUE,"The length of 'order' is not correct",NA,4
5,1,1,"s0",NA,NA,NA,NA,NA,NA,NA,NA,NA,NA,NA,NA,NA,NA,NA,NA,NA,NA,0.166666666666667,FALSE,TRUE,"The length of 'order' is not correct",NA,5
1,2,1,"s0",NA,NA,NA,NA,NA,NA,NA,NA,NA,NA,NA,NA,NA,NA,NA,NA,NA,NA,0.666666666666667,FALSE,TRUE,"The length of 'order' is not correct",NA,6
2,2,1,"s0",NA,NA,NA,NA,NA,NA,NA,NA,NA,NA,NA,NA,NA,NA,NA,NA,NA,NA,0.5,FALSE,TRUE,"The length of 'order' is not correct",NA,7
3,2,1,"s0",NA,NA,NA,NA,NA,NA,NA,NA,NA,NA,NA,NA,NA,NA,NA,NA,NA,NA,0.4,FALSE,TRUE,"The length of 'order' is not correct",NA,8
4,2,1,"s0",NA,NA,NA,NA,NA,NA,NA,NA,NA,NA,NA,NA,NA,NA,NA,NA,NA,NA,0.333333333333333,FALSE,TRUE,"The length of 'order' is not correct",NA,9
5,2,1,"s0",NA,NA,NA,NA,NA,NA,NA,NA,NA,NA,NA,NA,NA,NA,NA,NA,NA,NA,0.285714285714286,FALSE,TRUE,"The length of 'order' is not correct",NA,10
1,3,1,"s0",NA,NA,NA,NA,NA,NA,NA,NA,NA,NA,NA,NA,NA,NA,NA,NA,NA,NA,0.75,FALSE,TRUE,"The length of 'order' is not correct",NA,11
2,3,1,"s0",NA,NA,NA,NA,NA,NA,NA,NA,NA,NA,NA,NA,NA,NA,NA,NA,NA,NA,0.6,FALSE,TRUE,"The length of 'order' is not correct",NA,12
3,3,1,"s0",NA,NA,NA,NA,NA,NA,NA,NA,NA,NA,NA,NA,NA,NA,NA,NA,NA,NA,0.5,FALSE,TRUE,"The length of 'order' is not correct",NA,13
4,3,1,"s0",NA,NA,NA,NA,NA,NA,NA,NA,NA,NA,NA,NA,NA,NA,NA,NA,NA,NA,0.428571428571429,FALSE,TRUE,"The length of 'order' is not correct",NA,14
5,3,1,"s0",NA,NA,NA,NA,NA,NA,NA,NA,NA,NA,NA,NA,NA,NA,NA,NA,NA,NA,0.375,FALSE,TRUE,"The length of 'order' is not correct",NA,15
1,4,1,"s0",NA,NA,NA,NA,NA,NA,NA,NA,NA,NA,NA,NA,NA,NA,NA,NA,NA,NA,0.8,FALSE,TRUE,"The length of 'order' is not correct",NA,16
2,4,1,"s0",NA,NA,NA,NA,NA,NA,NA,NA,NA,NA,NA,NA,NA,NA,NA,NA,NA,NA,0.666666666666667,FALSE,TRUE,"The length of 'order' is not correct",NA,17
3,4,1,"s0",NA,NA,NA,NA,NA,NA,NA,NA,NA,NA,NA,NA,NA,NA,NA,NA,NA,NA,0.571428571428571,FALSE,TRUE,"The length of 'order' is not correct",NA,18
4,4,1,"s0",NA,NA,NA,NA,NA,NA,NA,NA,NA,NA,NA,NA,NA,NA,NA,NA,NA,NA,0.5,FALSE,TRUE,"The length of 'order' is not correct",NA,19
5,4,1,"s0",NA,NA,NA,NA,NA,NA,NA,NA,NA,NA,NA,NA,NA,NA,NA,NA,NA,NA,0.444444444444444,FALSE,TRUE,"The length of 'order' is not correct",NA,20
1,5,1,"s0",NA,NA,NA,NA,NA,NA,NA,NA,NA,NA,NA,NA,NA,NA,NA,NA,NA,NA,0.833333333333333,FALSE,TRUE,"The length of 'order' is not correct",NA,21
2,5,1,"s0",NA,NA,NA,NA,NA,NA,NA,NA,NA,NA,NA,NA,NA,NA,NA,NA,NA,NA,0.714285714285714,FALSE,TRUE,"The length of 'order' is not correct",NA,22
3,5,1,"s0",NA,NA,NA,NA,NA,NA,NA,NA,NA,NA,NA,NA,NA,NA,NA,NA,NA,NA,0.625,FALSE,TRUE,"The length of 'order' is not correct",NA,23
4,5,1,"s0",NA,NA,NA,NA,NA,NA,NA,NA,NA,NA,NA,NA,NA,NA,NA,NA,NA,NA,0.555555555555556,FALSE,TRUE,"The length of 'order' is not correct",NA,24
5,5,1,"s0",NA,NA,NA,NA,NA,NA,NA,NA,NA,NA,NA,NA,NA,NA,NA,NA,NA,NA,0.5,FALSE,TRUE,"The length of 'order' is not correct",NA,25
1,1,2,"s0",-253.676944120847,4,64,126.838472060424,-245.676944120847,-237.041411787409,-242.274971731676,-244.998978019152,-238.714539673884,NA,1.60490218681729,0.577495577141685,NA,NA,0.717844925545818,0.0501202742289446,1.77065493655828,0.131429373474941,0.5,FALSE,FALSE,"",-236.673084811916,26
2,1,2,"s0",-249.554650361038,5,63,124.777325180519,-239.554650361038,-228.83897672908,-235.340123544951,-238.502018782091,-234.155436768545,NA,1.36895586672685,0.677693024467085,NA,NA,0.726141399933715,0.0539578611985442,1.6947201209972,0.12895261903762,0.333333333333333,FALSE,FALSE,"",-231.944347912358,27
3,1,2,"s0",-252.588312215084,6,62,126.294156107542,-240.588312215084,-227.825505904813,-235.577312463341,-239.061039487811,-236.58152864616,NA,1.73095396932571,0.527229906138527,NA,NA,0.608503214967864,0.229689642796833,2.9125895760989,0.0647979525563104,0.25,FALSE,FALSE,"",-233.643194703134,28
4,1,2,"s0",-249.721831240601,7,61,124.860915620301,-235.721831240601,-220.945714191388,-229.930932491607,-233.608623693432,-232.714546076641,NA,2.09771379153896,0.390926387388892,NA,NA,0.220773179514177,2.35425496365345,7.24325331310285,0.0212127997421363,0.2,FALSE,FALSE,"",-229.188983988369,29
5,1,2,"s0",-245.709786292508,8,60,122.854893146254,-229.709786292508,-212.955029794732,-223.156079949645,-226.886256880744,-228.086039281341,NA,1.91928027529514,0.45423911477886,NA,NA,3.14724360553932,44.1322620244807,-25.5338166368734,-0.00512171259205019,0.166666666666667,FALSE,FALSE,"",-223.937795295441,30
1,2,2,"s0",-261.161985110376,5,63,130.580992555188,-251.161985110376,-240.446311478418,-246.947458294289,-250.109353531429,-244.29282342123,NA,3.58699993480671,0.0915850915265329,NA,NA,0.634479682965608,0.135867789025638,2.81530845978819,0.0786275895217949,0.666666666666667,TRUE,FALSE,"",-242.178306888484,31
2,2,2,"s0",-262.024119446164,6,63,131.012059723082,-250.024119446164,-237.165311087814,-244.96668726686,-248.524119446164,-244.483707047032,NA,3.66241634162414,0.0843375961220586,NA,NA,0.670894573028043,0.0906997078902348,2.39296733817991,0.102085173758898,0.5,TRUE,FALSE,"",-242.230812825767,32
3,2,2,"s0",-266.1607234009,7,62,133.08036170045,-252.1607234009,-237.270782705584,-246.314557023867,-250.086649326826,-248.118685763324,NA,4.8981305682645,0.02119599014216,NA,NA,0.437707004436095,0.581221746507332,4.95903705919074,0.0444084337951354,0.4,TRUE,FALSE,"",-245.550855944406,33
4,2,2,"s0",-261.452316772985,8,61,130.726158386492,-245.452316772985,-228.565325859598,-238.834146774133,-242.683086003754,-242.04274901819,NA,4.41377192003236,0.0365535276577803,NA,NA,0.444913359170319,0.652913584400074,4.93244402586,0.0426144306912833,0.333333333333333,TRUE,FALSE,"",-238.946389481301,34
5,2,2,"s0",-262.25155708807,9,60,131.125778544035,-244.25155708807,-225.402456028071,-236.878637452349,-240.65155708807,-241.873188440929,NA,4.34016262764635,0.0396059161199642,NA,NA,0.179308851943198,2.44371051482495,8.35548496274544,0.0210258228790167,0.285714285714286,TRUE,FALSE,"",-238.709936906215,35
1,3,2,"s0",-268.045354458135,6,62,134.022677229067,-256.045354458135,-243.282548147864,-251.034354706392,-254.518081730862,-249.849714568314,NA,7.03030626358926,0.00174999671531314,NA,NA,0.564783792310616,0.170648879213535,3.60406246165539,0.0821397463641899,0.75,TRUE,FALSE,"",-247.2588140955,36
2,3,2,"s0",-268.045374344077,7,62,134.022687172038,-254.045374344077,-239.155433648761,-248.199207967044,-251.971300270003,-248.413961571398,NA,6.66712929444413,0.00266317021593638,NA,NA,0.565096283441398,0.187138256068327,3.60041152514335,0.0822424531841223,0.6,TRUE,FALSE,"",-246.201627116326,37
3,3,2,"s0",-270.203080249449,8,62,135.101540124725,-254.203080249449,-237.186005169089,-247.521747247126,-251.486099117374,-249.65242211593,NA,6.32747109005062,0.00384296848547094,NA,NA,0.396943921925299,0.601951030886985,5.51446266908799,0.0467589026302782,0.5,TRUE,FALSE,"",-247.634127839715,38
4,3,2,"s0",-265.00312553457,9,61,132.501562767285,-247.00312553457,-228.005260757011,-239.557684285863,-243.473713769865,-243.198639153999,NA,5.60308617120404,0.00950778766559931,NA,NA,0.408886932863372,0.645372287855328,5.40078464774323,0.0466742746530817,0.428571428571429,TRUE,FALSE,"",-239.529674895049,39
5,3,2,"s0",-265.956840087731,10,60,132.978420043866,-245.956840087731,-225.01339446551,-237.764707159152,-241.467044169364,-242.964397030791,NA,5.55568105473725,0.0100941681825146,NA,NA,0.46018586623544,0.600986223274295,4.97422593623615,0.0459333405092344,0.375,TRUE,FALSE,"",-239.618199130923,40
1,4,2,"s0",-263.017560903499,7,61,131.50878045175,-249.017560903499,-234.241443854286,-243.226662154505,-246.90435335633,-243.382863505432,NA,5.76167691211999,0.00770432150945165,NA,NA,0.575164753644826,0.158710773236649,3.50488660232204,0.0885781339030507,0.8,TRUE,FALSE,"",-240.978942104033,41
2,4,2,"s0",-263.021047654021,8,61,131.510523827011,-247.021047654021,-230.134056740635,-240.40287765517,-244.251816884791,-242.105812001069,NA,5.10633540299183,0.0168655474634936,NA,NA,0.572004844630953,0.174117676159163,3.54182546906359,0.087672071838903,0.666666666666667,TRUE,FALSE,"",-239.54106490167,42
3,4,2,"s0",-266.418940052674,9,61,133.209470026337,-248.418940052674,-229.421075275114,-240.973498803966,-244.889528287968,-244.201304947041,NA,5.86644781830527,0.00669159414124266,NA,NA,0.378366077312739,0.608584762425216,5.80689705717894,0.0489848054589356,0.571428571428571,TRUE,FALSE,"",-241.558206010451,43
4,4,2,"s0",-266.59962891291,10,61,133.299814456455,-246.59962891291,-225.490890271177,-238.326916414346,-242.19962891291,-243.147631644638,NA,5.66406098619267,0.00878248614410126,NA,NA,0.458718991099823,0.433849592847036,4.87119989382622,0.0604152225532357,0.5,TRUE,FALSE,"",-239.903714545858,44
5,4,2,"s0",-266.867315269574,11,60,133.433657634787,-244.867315269574,-221.82952508513,-235.855969048137,-239.367315269574,-242.210225582504,NA,5.0887813516622,0.0171941226257405,NA,NA,0.482423770397314,0.469906856251313,4.72013296432913,0.0550791426502667,0.444444444444444,TRUE,FALSE,"",-239.536702441118,45
1,5,2,"s0",-266.26807735426,8,60,133.13403867713,-250.26807735426,-233.513320856483,-243.714371011397,-247.444547942495,-245.18992093376,NA,5.79206892282205,0.00737647744186936,NA,NA,0.590156475692016,0.14340428613343,3.44242373290215,0.0875872097002345,0.833333333333333,TRUE,FALSE,"",-243.122996370744,46
2,5,2,"s0",-266.456351267612,9,60,133.228175633806,-248.456351267612,-229.607250207613,-241.083431631891,-244.856351267612,-244.237368537378,NA,5.55515221918337,0.0101010678902634,NA,NA,0.56624733851454,0.188392436707827,3.7341691741981,0.0801509371780068,0.714285714285714,TRUE,FALSE,"",-241.64229156347,47
3,5,2,"s0",-268.839681808008,10,60,134.419840904004,-248.839681808008,-227.896236185787,-240.647548879429,-244.34988588964,-245.455975627724,NA,6.32688895038087,0.00384509946671633,NA,NA,0.451782303474157,0.398970417987428,5.10693431560066,0.0590778924210879,0.625,TRUE,FALSE,"",-241.908841983269,48
4,5,2,"s0",-268.960775751552,11,60,134.480387875776,-246.960775751552,-223.922985567109,-237.949429530115,-241.460775751552,-244.037351900969,NA,5.98451229970344,0.00579201565381265,NA,NA,0.393098608562384,0.585587418040227,5.81888051073563,0.0513338389037882,0.555555555555556,TRUE,FALSE,"",-239.403941605073,49
5,5,2,"s0",-269.453400470849,12,60,134.726700235424,-245.453400470849,-220.321265724183,-235.622840956554,-238.815102598508,-243.236662447039,NA,5.76581279413419,0.00765970700875704,NA,NA,0.508115902144689,0.327816880535222,4.41721648502608,0.0717896678965917,0.5,TRUE,FALSE,"",-237.853391708512,50
1,1,3,"s0",-253.676944120847,4,64,126.838472060424,-245.676944120847,-237.041411787409,-242.274971731676,-244.998978019152,-238.714539673884,NA,2.11912063601978,0.521696548588836,-1.80166446264159,0.509183064778335,0.717844925545818,0.0501202742289446,1.77065493655828,0.131429373474941,0.5,FALSE,FALSE,"",-236.673084811916,51
2,1,3,"s0",-249.554650361038,5,63,124.777325180519,-239.554650361038,-228.83897672908,-235.340123544951,-238.502018782091,-234.155436768545,NA,1.66819019764281,0.64182738194335,-1.60294895361072,0.599703923691083,0.726141399933715,0.0539578611985442,1.6947201209972,0.12895261903762,0.333333333333333,FALSE,FALSE,"",-231.944347912358,52
3,1,3,"s0",-252.588312215084,6,62,126.294156107542,-240.588312215084,-227.825505904813,-235.577312463341,-239.061039487811,-236.58152864616,NA,1.84512505625391,0.593302506275886,-0.784990044688864,0.869839107031566,0.608503214967864,0.229689642796833,2.9125895760989,0.0647979525563104,0.25,FALSE,FALSE,"",-233.643194703134,53
4,1,3,"s0",-249.721831240601,7,61,124.860915620301,-235.721831240601,-220.945714191388,-229.930932491607,-233.608623693432,-232.714546076641,NA,1.74103352491022,0.621460842022139,-0.23887686177073,0.952400769360078,0.220773179514177,2.35425496365345,7.24325331310285,0.0212127997421363,0.2,FALSE,FALSE,"",-229.188983988369,54
5,1,3,"s0",-245.709786292508,8,60,122.854893146254,-229.709786292508,-212.955029794732,-223.156079949645,-226.886256880744,-228.086039281341,NA,1.56201212842193,0.670721069987352,0.0535673340700513,0.974107738865017,3.14724360553932,44.1322620244807,-25.5338166368734,-0.00512171259205019,0.166666666666667,FALSE,FALSE,"",-223.937795295441,55
1,2,3,"s0",-261.161985110376,5,63,130.580992555188,-251.161985110376,-240.446311478418,-246.947458294289,-250.109353531429,-244.29282342123,NA,2.31128064350141,0.4738363520079,-1.14176520531885,0.777865961294962,0.634479682965608,0.135867789025638,2.81530845978819,0.0786275895217949,0.666666666666667,FALSE,FALSE,"",-242.178306888484,56
2,2,3,"s0",-262.024119446164,6,63,131.012059723082,-250.024119446164,-237.165311087814,-244.96668726686,-248.524119446164,-244.483707047032,NA,2.4978763860915,0.429531416316364,-1.38147172856698,0.693566322828481,0.670894573028043,0.0906997078902348,2.39296733817991,0.102085173758898,0.5,FALSE,FALSE,"",-242.230812825767,57
3,2,3,"s0",-266.1607234009,7,62,133.08036170045,-252.1607234009,-237.270782705584,-246.314557023867,-250.086649326826,-248.118685763324,NA,3.71165169970506,0.207438786704635,-0.593186561761567,0.906098597922492,0.437707004436095,0.581221746507332,4.95903705919074,0.0444084337951354,0.4,FALSE,FALSE,"",-245.550855944406,58
4,2,3,"s0",-261.452316772985,8,61,130.726158386492,-245.452316772985,-228.565325859598,-238.834146774133,-242.683086003754,-242.04274901819,NA,3.02320143293801,0.318398637716447,-0.521796202888698,0.91709432495307,0.444913359170319,0.652913584400074,4.93244402586,0.0426144306912833,0.333333333333333,FALSE,FALSE,"",-238.946389481301,59
5,2,3,"s0",-262.25155708807,9,60,131.125778544035,-244.25155708807,-225.402456028071,-236.878637452349,-240.65155708807,-241.873188440929,NA,2.25610092365546,0.48702088783378,-0.249227321135285,0.95143678538,0.179308851943198,2.44371051482495,8.35548496274544,0.0210258228790167,0.285714285714286,FALSE,FALSE,"",-238.709936906215,60
1,3,3,"s0",-268.045354458135,6,62,134.022677229067,-256.045354458135,-243.282548147864,-251.034354706392,-254.518081730862,-249.849714568314,NA,5.26635691665666,0.0710867722485674,-1.28333588569709,0.72953859633074,0.564783792310616,0.170648879213535,3.60406246165539,0.0821397463641899,0.75,TRUE,FALSE,"",-247.2588140955,61
2,3,3,"s0",-268.045374344077,7,62,134.022687172038,-254.045374344077,-239.155433648761,-248.199207967044,-251.971300270003,-248.413961571398,NA,5.16202467892203,0.0767615890063366,-1.19090963499143,0.762377241535738,0.565096283441398,0.187138256068327,3.60041152514335,0.0822424531841223,0.6,TRUE,FALSE,"",-246.201627116326,62
3,3,3,"s0",-270.203080249449,8,62,135.101540124725,-254.203080249449,-237.186005169089,-247.521747247126,-251.486099117374,-249.65242211593,NA,5.03825452614273,0.0839414568277263,-0.639295860315211,0.898224176982354,0.396943921925299,0.601951030886985,5.51446266908799,0.0467589026302782,0.5,TRUE,FALSE,"",-247.634127839715,63
4,3,3,"s0",-265.00312553457,9,61,132.501562767285,-247.00312553457,-228.005260757011,-239.557684285863,-243.473713769865,-243.198639153999,NA,4.22177223911849,0.147845765037053,-0.582568101762743,0.907921692857863,0.408886932863372,0.645372287855328,5.40078464774323,0.0466742746530817,0.428571428571429,FALSE,FALSE,"",-239.529674895049,64
5,3,3,"s0",-265.956840087731,10,60,132.978420043866,-245.956840087731,-225.01339446551,-237.764707159152,-241.467044169364,-242.964397030791,NA,3.1568881622236,0.294406965074706,-0.54823904998391,0.913239675240502,0.46018586623544,0.600986223274295,4.97422593623615,0.0459333405092344,0.375,FALSE,FALSE,"",-239.618199130923,65
1,4,3,"s0",-263.017560903499,7,61,131.50878045175,-249.017560903499,-234.241443854286,-243.226662154505,-246.90435335633,-243.382863505432,NA,4.74871774019554,0.102818350299341,-1.2676022830973,0.735598728423223,0.575164753644826,0.158710773236649,3.50488660232204,0.0885781339030507,0.8,FALSE,FALSE,"",-240.978942104033,66
2,4,3,"s0",-263.021047654021,8,61,131.510523827011,-247.021047654021,-230.134056740635,-240.40287765517,-244.251816884791,-242.105812001069,NA,4.50275753395388,0.122414202067487,-1.21047028237503,0.755671002627208,0.572004844630953,0.174117676159163,3.54182546906359,0.087672071838903,0.666666666666667,FALSE,FALSE,"",-239.54106490167,67
3,4,3,"s0",-266.418940052674,9,61,133.209470026337,-248.418940052674,-229.421075275114,-240.973498803966,-244.889528287968,-244.201304947041,NA,5.07358993140922,0.0816510391108459,-0.656967777006307,0.895260387695488,0.378366077312739,0.608584762425216,5.80689705717894,0.0489848054589356,0.571428571428571,TRUE,FALSE,"",-241.558206010451,68
4,4,3,"s0",-266.59962891291,10,61,133.299814456455,-246.59962891291,-225.490890271177,-238.326916414346,-242.19962891291,-243.147631644638,NA,4.90068520427499,0.0924483160681165,-0.748476932995424,0.877476031752724,0.458718991099823,0.433849592847036,4.87119989382622,0.0604152225532357,0.5,TRUE,FALSE,"",-239.903714545858,69
5,4,3,"s0",-266.867315269574,11,60,133.433657634787,-244.867315269574,-221.82952508513,-235.855969048137,-239.367315269574,-242.210225582504,NA,3.51564971070822,0.235830805247147,-0.650620751162404,0.896324858942634,0.482423770397314,0.469906856251313,4.72013296432913,0.0550791426502667,0.444444444444444,FALSE,FALSE,"",-239.536702441118,70
1,5,3,"s0",-266.26807735426,8,60,133.13403867713,-250.26807735426,-233.513320856483,-243.714371011397,-247.444547942495,-245.18992093376,NA,3.89179481841226,0.184459829708687,-1.26900268581261,0.735056613772291,0.590156475692016,0.14340428613343,3.44242373290215,0.0875872097002345,0.833333333333333,FALSE,FALSE,"",-243.122996370744,71
2,5,3,"s0",-266.456351267612,9,60,133.228175633806,-248.456351267612,-229.607250207613,-241.083431631891,-244.856351267612,-244.237368537378,NA,3.90884979543918,0.182330918715078,-1.1128831341757,0.785997754431726,0.56624733851454,0.188392436707827,3.7341691741981,0.0801509371780068,0.714285714285714,FALSE,FALSE,"",-241.64229156347,72
3,5,3,"s0",-268.839681808008,10,60,134.419840904004,-248.839681808008,-227.896236185787,-240.647548879429,-244.34988588964,-245.455975627724,NA,4.70118047037172,0.106426960185621,-0.811198905968261,0.863934017098895,0.451782303474157,0.398970417987428,5.10693431560066,0.0590778924210879,0.625,FALSE,FALSE,"",-241.908841983269,73
4,5,3,"s0",-268.960775751552,11,60,134.480387875776,-246.960775751552,-223.922985567109,-237.949429530115,-241.460775751552,-244.037351900969,NA,4.62917543131731,0.112045872238938,-0.662328953821934,0.894361254981765,0.393098608562384,0.585587418040227,5.81888051073563,0.0513338389037882,0.555555555555556,FALSE,FALSE,"",-239.403941605073,74
5,5,3,"s0",-269.453400470849,12,60,134.726700235424,-245.453400470849,-220.321265724183,-235.622840956554,-238.815102598508,-243.236662447039,NA,4.55168910587538,0.118403144224435,-0.849629530951877,0.85506588131421,0.508115902144689,0.327816880535222,4.41721648502608,0.0717896678965917,0.5,FALSE,FALSE,"",-237.853391708512,75
1,1,4,"s0",-256.912168490573,5,64,128.456084245286,-246.912168490573,-236.117753073774,-242.659703004109,-245.877685731952,-229.655077911521,NA,2.48094500780443,0.523311527740662,NA,NA,0.298482525890073,0.246261231451206,4.79828959596907,0.187337679135774,0.5,FALSE,FALSE,"",-229.075176531045,76
2,1,4,"s0",-252.22460841239,6,63,126.112304206195,-240.22460841239,-227.365800054041,-235.167176233086,-238.72460841239,-224.065744219147,NA,1.96279926414582,0.703787319616572,NA,NA,0.333538925426809,0.247897795689469,4.52567562906731,0.191955505594306,0.333333333333333,FALSE,FALSE,"",-223.187644232047,77
3,1,4,"s0",-255.805985858151,7,62,127.902992929075,-241.805985858151,-226.916045162835,-235.959819481118,-239.731911784077,-226.529802901079,NA,2.24905675613501,0.602555395550307,NA,NA,0.112717131227609,0.387701678983544,6.26419901835901,0.147276113806612,0.25,FALSE,FALSE,"",-225.727906821643,78
4,1,4,"s0",-251.373868110924,8,61,125.686934055462,-235.373868110924,-218.486877197538,-228.755698112073,-232.604637341694,-220.347808552016,NA,1.65546527665048,0.806546765153522,NA,NA,-0.00533181407743429,0.676302744637868,7.28598383273734,0.103092713183924,0.2,FALSE,FALSE,"",-218.402817825724,79
5,1,4,"s0",-246.701508521187,9,60,123.350754260594,-228.701508521187,-209.852407461189,-221.328588885466,-225.101508521187,-214.502970946327,NA,1.32165992388359,0.901620051842651,NA,NA,-0.182932591264214,1.32579540152658,8.81167330274861,0.0714214391188581,0.166666666666667,FALSE,FALSE,"",-211.813495526251,80
1,2,4,"s0",-261.684684368483,6,63,130.842342184241,-249.684684368483,-236.825876010133,-244.627252189179,-248.184684368483,-232.947292544524,NA,1.68519856556198,0.797019101879769,NA,NA,0.356557774719155,0.409872241563345,4.69351705595438,0.104656209997339,0.666666666666667,FALSE,FALSE,"",-230.805565319298,81
2,2,4,"s0",-262.710600859557,7,63,131.355300429779,-248.710600859557,-233.708657774817,-242.810263317036,-246.674237223194,-233.143307001484,NA,1.85847471596296,0.739428801992464,NA,NA,0.416538430950032,0.318074531144812,4.14161513220871,0.133992113819145,0.5,FALSE,FALSE,"",-230.64000828828,82
3,2,4,"s0",-267.154775065776,8,62,133.577387532888,-251.154775065776,-234.137699985415,-244.473442063453,-248.437793933701,-236.475094652848,NA,2.75963178954497,0.432257333969857,NA,NA,0.100593142933578,0.600123887621926,6.76158462040715,0.0887620442933541,0.4,FALSE,FALSE,"",-234.821412190996,83
4,2,4,"s0",-262.183972560712,9,61,131.091986280356,-244.183972560712,-225.186107783153,-236.738531312005,-240.654560796007,-229.808536472741,NA,2.21045488158224,0.616820101102329,NA,NA,0.16510499696368,0.572776412956582,6.24376434733099,0.0921120267161859,0.333333333333333,FALSE,FALSE,"",-227.308498534069,84
5,2,4,"s0",-262.252256574474,10,60,131.126128287237,-242.252256574474,-221.308810952253,-234.060123645895,-237.762460656106,-228.36747677067,NA,1.47478726086939,0.862030915402862,NA,NA,0.167010440532389,2.36625076097083,8.21920603030056,0.0228232094323039,0.285714285714286,FALSE,FALSE,"",-225.352387403416,85
1,3,4,"s0",-268.844118099149,7,62,134.422059049575,-254.844118099149,-239.954177403834,-248.997951722116,-252.770044025075,-239.064323512041,NA,3.73064313220316,0.199540203437991,NA,NA,0.272428412173821,0.386562381518146,5.50461436724512,0.111036728230977,0.75,FALSE,FALSE,"",-236.656973141794,86
2,3,4,"s0",-268.890501323788,8,62,134.445250661894,-252.890501323788,-235.873426243427,-246.209168321464,-250.173520191713,-237.641601217258,NA,3.67219086610723,0.209601817976545,NA,NA,0.284244453835384,0.369558618938198,5.37204445997878,0.117729407475607,0.6,FALSE,FALSE,"",-235.268856811345,87
3,3,4,"s0",-270.62100028644,9,62,135.31050014322,-252.62100028644,-233.476790821034,-245.104500658826,-249.159461824902,-238.235182405421,NA,3.43841919199661,0.255186786233249,NA,NA,0.158288823359636,0.657094101180641,6.6503595057113,0.0750440895937388,0.5,FALSE,FALSE,"",-235.915611428388,88
4,3,4,"s0",-265.366022683702,10,61,132.683011341851,-245.366022683702,-224.257284041968,-237.093310185138,-240.966022683702,-231.337154138002,NA,2.87829711437951,0.396239567147444,NA,NA,0.204028949312635,0.61592091385708,6.22626546702257,0.0807717712141724,0.428571428571429,FALSE,FALSE,"",-227.668979574138,89
5,3,4,"s0",-265.969642177808,11,60,132.984821088904,-243.969642177808,-220.931851993364,-234.958295956371,-238.469642177808,-230.376118238165,NA,2.06642577007512,0.668067098128728,NA,NA,0.545533281803692,1.13223873366915,4.64659159748618,0.0385624777053276,0.375,FALSE,FALSE,"",-226.737877925931,90
1,4,4,"s0",-263.821174105837,8,61,131.910587052918,-247.821174105837,-230.93418319245,-241.203004106986,-245.051943336606,-232.608245482236,NA,3.38267077527772,0.267081584718082,NA,NA,0.300577541464636,0.349026208708088,5.25846627398569,0.125054940648333,0.8,FALSE,FALSE,"",-230.693357981015,91
2,4,4,"s0",-263.825145009247,9,61,131.912572504623,-245.825145009247,-226.827280231687,-238.379703760539,-242.295733244541,-231.381068759152,NA,3.21427957495434,0.306793809391048,NA,NA,0.30318566424032,0.351024304331443,5.2293694248391,0.126373972630044,0.666666666666667,FALSE,FALSE,"",-229.144308658733,92
3,4,4,"s0",-266.632476850532,10,61,133.316238425266,-246.632476850532,-225.523738208799,-238.359764351968,-242.232476850532,-232.757239156844,NA,3.38859486661371,0.265794855730076,NA,NA,0.201586578158309,0.667140465954869,6.53909282394695,0.0715751590127824,0.571428571428571,FALSE,FALSE,"",-230.491825097596,93
4,4,4,"s0",-266.916340627808,11,61,133.458170313904,-244.916340627808,-221.696728121901,-235.816356879387,-239.528585525767,-231.629569962143,NA,3.30649404095033,0.284502655455216,NA,NA,0.274577585700323,0.507606427337255,5.72886718977295,0.0916548341719445,0.5,FALSE,FALSE,"",-228.05078447362,94
5,4,4,"s0",-266.881291991202,12,60,133.440645995601,-242.881291991202,-217.749157244537,-233.050732476907,-236.242994118862,-230.001515591359,NA,2.30019695445009,0.584622482498765,NA,NA,0.55795882634497,0.929806617401824,4.4028937023248,0.0474406918569283,0.444444444444444,FALSE,FALSE,"",-226.646342604953,95
1,5,4,"s0",-266.27517101495,9,60,133.137585507475,-248.27517101495,-229.426069954951,-240.902251379229,-244.67517101495,-233.601537770631,NA,2.54694592700229,0.500862735324244,NA,NA,0.554592551088946,0.469467761916645,3.66694208991381,0.091172912280957,0.833333333333333,FALSE,FALSE,"",-232.350011306889,96
2,5,4,"s0",-266.456354824582,10,60,133.228177412291,-246.456354824582,-225.512909202361,-238.264221896003,-241.966558906215,-232.606224898044,NA,2.5548049273716,0.498210798255772,NA,NA,0.567123775530906,0.5438021842373,3.72891550388757,0.0800625981433652,0.714285714285714,FALSE,FALSE,"",-230.705712367294,97
3,5,4,"s0",-268.918673826754,11,60,134.459336913377,-246.918673826754,-223.880883642311,-237.907327605317,-241.418673826754,-233.872060668578,NA,3.09700176568336,0.336507041098007,NA,NA,0.64198326782642,1.00596416316225,4.20466903557036,0.0452921692968264,0.625,FALSE,FALSE,"",-231.110515184965,98
4,5,4,"s0",-269.113367674828,12,60,134.556683837414,-245.113367674828,-219.981232928163,-235.282808160533,-238.475069802487,-232.370041919026,NA,3.07157615976848,0.343253264703862,NA,NA,0.743423513787966,1.78965249090127,4.7334255015191,0.0290042069554896,0.555555555555556,FALSE,FALSE,"",-227.918008013841,99
5,5,4,"s0",-269.532584353053,13,60,134.766292176527,-243.532584353053,-216.306105044166,-232.8828115459,-235.619540874792,-231.385151125212,NA,2.99585476962537,0.363826739133518,NA,NA,0.671748827792125,0.893700982145813,3.66228832456577,0.0541995937216609,0.5,FALSE,FALSE,"",-226.097835378827,100
1,1,5,"s0",-256.912168490573,5,64,128.456084245286,-246.912168490573,-236.117753073774,-242.659703004109,-245.877685731952,-229.655077911521,NA,3.32449958419743,0.503976903479818,-2.38559902664102,0.495052651500075,0.298482525890073,0.246261231451206,4.79828959596907,0.187337679135774,0.5,FALSE,FALSE,"",-229.075176531045,101
2,1,5,"s0",-252.22460841239,6,63,126.112304206195,-240.22460841239,-227.365800054041,-235.167176233086,-238.72460841239,-224.065744219147,NA,2.6335692343079,0.657168388316729,-2.15685537475222,0.609271805307624,0.333538925426809,0.247897795689469,4.52567562906731,0.191955505594306,0.333333333333333,FALSE,FALSE,"",-223.187644232047,102
3,1,5,"s0",-255.805985858151,7,62,127.902992929075,-241.805985858151,-226.916045162835,-235.959819481118,-239.731911784077,-226.529802901079,NA,2.05862064729236,0.782440068765817,-1.56035158047372,0.843314851602619,0.112717131227609,0.387701678983544,6.26419901835901,0.147276113806612,0.25,FALSE,FALSE,"",-225.727906821643,103
4,1,5,"s0",-251.373868110924,8,61,125.686934055462,-235.373868110924,-218.486877197538,-228.755698112073,-232.604637341694,-220.347808552016,NA,0.990659039744873,0.946239979558199,-0.924765294139086,0.957277243879815,-0.00533181407743429,0.676302744637868,7.28598383273734,0.103092713183924,0.2,FALSE,FALSE,"",-218.402817825724,104
5,1,5,"s0",-246.701508521187,9,60,123.350754260594,-228.701508521187,-209.852407461189,-221.328588885466,-225.101508521187,-214.502970946327,NA,0.639255408381454,0.974647582755122,-0.563558496875274,0.981774597581479,-0.182932591264214,1.32579540152658,8.81167330274861,0.0714214391188581,0.166666666666667,FALSE,FALSE,"",-211.813495526251,105
1,2,5,"s0",-261.684684368483,6,63,130.842342184241,-249.684684368483,-236.825876010133,-244.627252189179,-248.184684368483,-232.947292544524,NA,0.928640328750165,0.952125374094966,-1.32781401997191,0.898807939302216,0.356557774719155,0.409872241563345,4.69351705595438,0.104656209997339,0.666666666666667,FALSE,FALSE,"",-230.805565319298,106
2,2,5,"s0",-262.710600859557,7,63,131.355300429779,-248.710600859557,-233.708657774817,-242.810263317036,-246.674237223194,-233.143307001484,NA,1.28871682657908,0.912487334260781,-1.58382770971021,0.836271823449365,0.416538430950032,0.318074531144812,4.14161513220871,0.133992113819145,0.5,FALSE,FALSE,"",-230.64000828828,107
3,2,5,"s0",-267.154775065776,8,62,133.577387532888,-251.154775065776,-234.137699985415,-244.473442063453,-248.437793933701,-236.475094652848,NA,0.847108049016692,0.959431966026977,-1.00044592257258,0.949638355764379,0.100593142933578,0.600123887621926,6.76158462040715,0.0887620442933541,0.4,FALSE,FALSE,"",-234.821412190996,108
4,2,5,"s0",-262.183972560712,9,61,131.091986280356,-244.183972560712,-225.186107783153,-236.738531312005,-240.654560796007,-229.808536472741,NA,0.606056605330087,0.976746253065881,-0.893759573668353,0.960305274193422,0.16510499696368,0.572776412956582,6.24376434733099,0.0921120267161859,0.333333333333333,FALSE,FALSE,"",-227.308498534069,109
5,2,5,"s0",-262.252256574474,10,60,131.126128287237,-242.252256574474,-221.308810952253,-234.060123645895,-237.762460656106,-228.36747677067,NA,0.0319508832608594,0.999094420000554,-0.201716751312943,0.990546491437436,0.167010440532389,2.36625076097083,8.21920603030056,0.0228232094323039,0.285714285714286,FALSE,FALSE,"",-225.352387403416,110
1,3,5,"s0",-268.844118099149,7,62,134.422059049575,-254.844118099149,-239.954177403834,-248.997951722116,-252.770044025075,-239.064323512041,NA,1.31727865103955,0.908810318232379,-1.52684945722523,0.852691967313426,0.272428412173821,0.386562381518146,5.50461436724512,0.111036728230977,0.75,FALSE,FALSE,"",-236.656973141794,111
2,3,5,"s0",-268.890501323788,8,62,134.445250661894,-252.890501323788,-235.873426243427,-246.209168321464,-250.173520191713,-237.641601217258,NA,1.2180340830944,0.921525709906238,-1.46128193853643,0.869475762628079,0.284244453835384,0.369558618938198,5.37204445997878,0.117729407475607,0.6,FALSE,FALSE,"",-235.268856811345,112
3,3,5,"s0",-270.62100028644,9,62,135.31050014322,-252.62100028644,-233.476790821034,-245.104500658826,-249.159461824902,-238.235182405421,NA,0.544354313739997,0.980500803814248,-0.858228666955224,0.963142257802577,0.158288823359636,0.657094101180641,6.6503595057113,0.0750440895937388,0.5,FALSE,FALSE,"",-235.915611428388,113
4,3,5,"s0",-265.366022683702,10,61,132.683011341851,-245.366022683702,-224.257284041968,-237.093310185138,-240.966022683702,-231.337154138002,NA,0.436550341748156,0.985777581223261,-0.794844847106469,0.968203171655644,0.204028949312635,0.61592091385708,6.22626546702257,0.0807717712141724,0.428571428571429,FALSE,FALSE,"",-227.668979574138,114
5,3,5,"s0",-265.969642177808,11,60,132.984821088904,-243.969642177808,-220.931851993364,-234.958295956371,-238.469642177808,-230.376118238165,NA,0.0632551416841577,0.998200100320737,-0.346898552320515,0.99001359901885,0.545533281803692,1.13223873366915,4.64659159748618,0.0385624777053276,0.375,FALSE,FALSE,"",-226.737877925931,115
1,4,5,"s0",-263.821174105837,8,61,131.910587052918,-247.821174105837,-230.93418319245,-241.203004106986,-245.051943336606,-232.608245482236,NA,1.24264559544312,0.918494583456291,-1.51616426348023,0.855566243592579,0.300577541464636,0.349026208708088,5.25846627398569,0.125054940648333,0.8,FALSE,FALSE,"",-230.693357981015,116
2,4,5,"s0",-263.825145009247,9,61,131.912572504623,-245.825145009247,-226.827280231687,-238.379703760539,-242.295733244541,-231.381068759152,NA,1.17143121696088,0.926967475841273,-1.46437721876414,0.868711951409203,0.30318566424032,0.351024304331443,5.2293694248391,0.126373972630044,0.666666666666667,FALSE,FALSE,"",-229.144308658733,117
3,4,5,"s0",-266.632476850532,10,61,133.316238425266,-246.632476850532,-225.523738208799,-238.359764351968,-242.232476850532,-232.757239156844,NA,0.391610731410218,0.987977280512811,-0.776243321222152,0.969688420103289,0.201586578158309,0.667140465954869,6.53909282394695,0.0715751590127824,0.571428571428571,FALSE,FALSE,"",-230.491825097596,118
4,4,5,"s0",-266.916340627808,11,61,133.458170313904,-244.916340627808,-221.696728121901,-235.816356879387,-239.528585525767,-231.629569962143,NA,0.489899083374499,0.983166272665591,-0.900449785276443,0.959712833673242,0.274577585700323,0.507606427337255,5.72886718977295,0.0916548341719445,0.5,FALSE,FALSE,"",-228.05078447362,119
5,4,5,"s0",-266.881291991202,12,60,133.440645995601,-242.881291991202,-217.749157244537,-233.050732476907,-236.242994118862,-230.001515591359,NA,0.0956996737607697,0.997273204588336,-0.423783447757189,0.987173418731542,0.55795882634497,0.929806617401824,4.4028937023248,0.0474406918569283,0.444444444444444,FALSE,FALSE,"",-226.646342604953,120
1,5,5,"s0",-266.27517101495,9,60,133.137585507475,-248.27517101495,-229.426069954951,-240.902251379229,-244.67517101495,-233.601537770631,NA,0.634141652963101,0.974970850032451,-1.09059037341519,0.938692591669328,0.554592551088946,0.469467761916645,3.66694208991381,0.091172912280957,0.833333333333333,FALSE,FALSE,"",-232.350011306889,121
2,5,5,"s0",-266.456354824582,10,60,133.228177412291,-246.456354824582,-225.512909202361,-238.264221896003,-241.966558906215,-232.606224898044,NA,0.438591833086323,0.985677654521352,-0.899438259495914,0.959814154269935,0.567123775530906,0.5438021842373,3.72891550388757,0.0800625981433652,0.714285714285714,FALSE,FALSE,"",-230.705712367294,122
3,5,5,"s0",-268.918673826754,11,60,134.459336913377,-246.918673826754,-223.880883642311,-237.907327605317,-241.418673826754,-233.872060668578,NA,0.148879586864768,0.995753927491376,-0.495683011413789,0.984396293004177,0.64198326782642,1.00596416316225,4.20466903557036,0.0452921692968264,0.625,FALSE,FALSE,"",-231.110515184965,123
4,5,5,"s0",-269.113367674828,12,60,134.556683837414,-245.113367674828,-219.981232928163,-235.282808160533,-238.475069802487,-232.370041919026,NA,0.0637309716077378,0.998186506513174,-0.287241650445651,0.990232570752943,0.743423513787966,1.78965249090127,4.7334255015191,0.0290042069554896,0.555555555555556,FALSE,FALSE,"",-227.918008013841,124
5,5,5,"s0",-269.532584353053,13,60,134.766292176527,-243.532584353053,-216.306105044166,-232.8828115459,-235.619540874792,-231.385151125212,NA,0.155567036443574,0.995562876239331,-0.489363405675612,0.98464038822242,0.671748827792125,0.893700982145813,3.66228832456577,0.0541995937216609,0.5,FALSE,FALSE,"",-226.097835378827,125
1,1,1,"s1",NA,NA,NA,NA,NA,NA,NA,NA,NA,NA,NA,NA,NA,NA,NA,NA,NA,NA,0.5,FALSE,TRUE,"The length of 'order' is not correct",NA,126
2,1,1,"s1",NA,NA,NA,NA,NA,NA,NA,NA,NA,NA,NA,NA,NA,NA,NA,NA,NA,NA,0.333333333333333,FALSE,TRUE,"The length of 'order' is not correct",NA,127
3,1,1,"s1",NA,NA,NA,NA,NA,NA,NA,NA,NA,NA,NA,NA,NA,NA,NA,NA,NA,NA,0.25,FALSE,TRUE,"The length of 'order' is not correct",NA,128
4,1,1,"s1",NA,NA,NA,NA,NA,NA,NA,NA,NA,NA,NA,NA,NA,NA,NA,NA,NA,NA,0.2,FALSE,TRUE,"The length of 'order' is not correct",NA,129
5,1,1,"s1",NA,NA,NA,NA,NA,NA,NA,NA,NA,NA,NA,NA,NA,NA,NA,NA,NA,NA,0.166666666666667,FALSE,TRUE,"The length of 'order' is not correct",NA,130
1,2,1,"s1",NA,NA,NA,NA,NA,NA,NA,NA,NA,NA,NA,NA,NA,NA,NA,NA,NA,NA,0.666666666666667,FALSE,TRUE,"The length of 'order' is not correct",NA,131
2,2,1,"s1",NA,NA,NA,NA,NA,NA,NA,NA,NA,NA,NA,NA,NA,NA,NA,NA,NA,NA,0.5,FALSE,TRUE,"The length of 'order' is not correct",NA,132
3,2,1,"s1",NA,NA,NA,NA,NA,NA,NA,NA,NA,NA,NA,NA,NA,NA,NA,NA,NA,NA,0.4,FALSE,TRUE,"The length of 'order' is not correct",NA,133
4,2,1,"s1",NA,NA,NA,NA,NA,NA,NA,NA,NA,NA,NA,NA,NA,NA,NA,NA,NA,NA,0.333333333333333,FALSE,TRUE,"The length of 'order' is not correct",NA,134
5,2,1,"s1",NA,NA,NA,NA,NA,NA,NA,NA,NA,NA,NA,NA,NA,NA,NA,NA,NA,NA,0.285714285714286,FALSE,TRUE,"The length of 'order' is not correct",NA,135
1,3,1,"s1",NA,NA,NA,NA,NA,NA,NA,NA,NA,NA,NA,NA,NA,NA,NA,NA,NA,NA,0.75,FALSE,TRUE,"The length of 'order' is not correct",NA,136
2,3,1,"s1",NA,NA,NA,NA,NA,NA,NA,NA,NA,NA,NA,NA,NA,NA,NA,NA,NA,NA,0.6,FALSE,TRUE,"The length of 'order' is not correct",NA,137
3,3,1,"s1",NA,NA,NA,NA,NA,NA,NA,NA,NA,NA,NA,NA,NA,NA,NA,NA,NA,NA,0.5,FALSE,TRUE,"The length of 'order' is not correct",NA,138
4,3,1,"s1",NA,NA,NA,NA,NA,NA,NA,NA,NA,NA,NA,NA,NA,NA,NA,NA,NA,NA,0.428571428571429,FALSE,TRUE,"The length of 'order' is not correct",NA,139
5,3,1,"s1",NA,NA,NA,NA,NA,NA,NA,NA,NA,NA,NA,NA,NA,NA,NA,NA,NA,NA,0.375,FALSE,TRUE,"The length of 'order' is not correct",NA,140
1,4,1,"s1",NA,NA,NA,NA,NA,NA,NA,NA,NA,NA,NA,NA,NA,NA,NA,NA,NA,NA,0.8,FALSE,TRUE,"The length of 'order' is not correct",NA,141
2,4,1,"s1",NA,NA,NA,NA,NA,NA,NA,NA,NA,NA,NA,NA,NA,NA,NA,NA,NA,NA,0.666666666666667,FALSE,TRUE,"The length of 'order' is not correct",NA,142
3,4,1,"s1",NA,NA,NA,NA,NA,NA,NA,NA,NA,NA,NA,NA,NA,NA,NA,NA,NA,NA,0.571428571428571,FALSE,TRUE,"The length of 'order' is not correct",NA,143
4,4,1,"s1",NA,NA,NA,NA,NA,NA,NA,NA,NA,NA,NA,NA,NA,NA,NA,NA,NA,NA,0.5,FALSE,TRUE,"The length of 'order' is not correct",NA,144
5,4,1,"s1",NA,NA,NA,NA,NA,NA,NA,NA,NA,NA,NA,NA,NA,NA,NA,NA,NA,NA,0.444444444444444,FALSE,TRUE,"The length of 'order' is not correct",NA,145
1,5,1,"s1",NA,NA,NA,NA,NA,NA,NA,NA,NA,NA,NA,NA,NA,NA,NA,NA,NA,NA,0.833333333333333,FALSE,TRUE,"The length of 'order' is not correct",NA,146
2,5,1,"s1",NA,NA,NA,NA,NA,NA,NA,NA,NA,NA,NA,NA,NA,NA,NA,NA,NA,NA,0.714285714285714,FALSE,TRUE,"The length of 'order' is not correct",NA,147
3,5,1,"s1",NA,NA,NA,NA,NA,NA,NA,NA,NA,NA,NA,NA,NA,NA,NA,NA,NA,NA,0.625,FALSE,TRUE,"The length of 'order' is not correct",NA,148
4,5,1,"s1",NA,NA,NA,NA,NA,NA,NA,NA,NA,NA,NA,NA,NA,NA,NA,NA,NA,NA,0.555555555555556,FALSE,TRUE,"The length of 'order' is not correct",NA,149
5,5,1,"s1",NA,NA,NA,NA,NA,NA,NA,NA,NA,NA,NA,NA,NA,NA,NA,NA,NA,NA,0.5,FALSE,TRUE,"The length of 'order' is not correct",NA,150
1,1,2,"s1",-256.175375736493,5,64,128.087687868247,-246.175375736493,-235.380960319695,-241.92291025003,-245.140892977873,-238.047292574881,NA,2.40415078861394,0.298457689263508,NA,NA,0.823635223811236,0.0585351660942873,0.90832981609822,0.198405829734173,0.5,FALSE,FALSE,"",-236.522457484733,151
2,1,2,"s1",-252.809614918123,6,63,126.404807459062,-240.809614918123,-227.950806559774,-235.752182738819,-239.309614918123,-234.299705119364,NA,2.42043618373052,0.294115134956463,NA,NA,0.842142337468873,0.0534765407076845,0.734315355518797,0.225022510847713,0.333333333333333,FALSE,FALSE,"",-232.589985340293,152
3,1,2,"s1",-253.244261334042,7,62,126.622130667021,-239.244261334042,-224.354320638727,-233.398094957009,-237.170187259968,-234.216958477594,NA,1.89519768737328,0.46328749722601,NA,NA,0.773178536676737,0.127237910134036,1.41914308939036,0.119685659685543,0.25,FALSE,FALSE,"",-231.51999864964,153
4,1,2,"s1",-249.918111018732,8,61,124.959055509366,-233.918111018732,-217.031120105346,-227.299941019881,-231.148880249501,-229.872114220731,NA,2.12243250721161,0.383035459415212,NA,NA,0.684148117937815,0.447434326157934,2.48952599171713,0.0582156075109665,0.2,FALSE,FALSE,"",-226.650831142574,154
5,1,2,"s1",-245.845725619204,9,60,122.922862809602,-227.845725619204,-208.996624559205,-220.472805983483,-224.245725619204,-225.168600465764,NA,1.92446885517765,0.452270985521115,NA,NA,0.549235387589974,1.6010555484336,4.3284274350279,0.028568389060648,0.166666666666667,FALSE,FALSE,"",-221.436781571607,155
1,2,2,"s1",-262.22678010542,6,63,131.11339005271,-250.22678010542,-237.367971747071,-245.169347926116,-248.72678010542,-241.794779396867,NA,3.83812268368215,0.0697968681724672,NA,NA,0.776689861523424,0.102568624752112,1.50366263249187,0.123876239329995,0.666666666666667,TRUE,FALSE,"",-239.2220367725,156
2,2,2,"s1",-263.713743887807,7,63,131.856871943903,-249.713743887807,-234.711800803066,-243.813406345286,-247.677380251443,-242.732740875663,NA,4.11914282254486,0.0508248649145493,NA,NA,0.798637813245389,0.0725651809214507,1.23102505750388,0.168101907945921,0.5,TRUE,FALSE,"",-240.140779500713,157
3,2,2,"s1",-266.191214740356,8,62,133.095607370178,-250.191214740356,-233.174139659995,-243.509881738032,-247.47423360828,-244.810119414485,NA,4.79119141896581,0.0237527183312076,NA,NA,0.542940112046282,0.614547348483918,3.90250324521674,0.0554081361920112,0.4,TRUE,FALSE,"",-241.900980869909,158
4,2,2,"s1",-261.531960314086,9,61,130.765980157043,-243.531960314086,-224.534095536526,-236.086519065379,-240.00254854938,-238.850162334843,NA,4.3007246007392,0.0412653873964037,NA,NA,0.613903183818161,0.489668507875436,3.20262168814079,0.0639734802789944,0.333333333333333,TRUE,FALSE,"",-235.647596659058,159
5,2,2,"s1",-262.388238925546,10,60,131.194119462773,-242.388238925546,-221.444793303325,-234.196105996967,-237.898443007179,-238.715613651667,NA,4.10033512043053,0.051896993065511,NA,NA,0.625406708811457,0.624200514257678,3.35919264446682,0.0504327232677183,0.285714285714286,TRUE,FALSE,"",-235.272559731802,160
1,3,2,"s1",-268.374417870086,7,62,134.187208935043,-254.374417870086,-239.48447717477,-248.528251493053,-252.300343796012,-246.484202922219,NA,6.97502664244314,0.00184348334509086,NA,NA,0.669533951524144,0.168965795291049,2.60192440068468,0.106301574101062,0.75,TRUE,FALSE,"",-243.654711731157,161
2,3,2,"s1",-268.399266991848,8,62,134.199633495924,-252.399266991848,-235.382191911487,-245.717933989524,-249.682285859772,-245.120172597667,NA,6.6297914996739,0.00277815331661269,NA,NA,0.680033061871201,0.170382224841491,2.48373402685809,0.111814408402086,0.6,TRUE,FALSE,"",-242.73401530017,162
3,3,2,"s1",-270.212588074093,9,62,135.106294037047,-252.212588074093,-233.068378608687,-244.696088446479,-248.751049612555,-246.110188836008,NA,6.19090174604108,0.0044993401500649,NA,NA,0.461462701569952,0.778692600655999,4.84995633240816,0.0527050769278543,0.5,TRUE,FALSE,"",-243.968056793799,163
4,3,2,"s1",-265.031234606385,10,61,132.515617303192,-245.031234606385,-223.922495964651,-236.758522107821,-240.631234606385,-239.74366169358,NA,5.4556985952966,0.0115235613429305,NA,NA,0.522545218971178,0.690235255399909,4.21609778839911,0.0590046365910262,0.428571428571429,TRUE,FALSE,"",-236.144070322983,164
5,3,2,"s1",-266.122939683857,11,60,133.061469841929,-244.122939683857,-221.085149499414,-235.111593462421,-238.622939683857,-239.61090069023,NA,5.26644735966452,0.0143807689207484,NA,NA,0.656929570748995,0.353533282968109,2.86608587116572,0.0774334499118277,0.375,TRUE,FALSE,"",-236.310655426243,165
1,4,2,"s1",-263.456834309667,8,61,131.728417154833,-247.456834309667,-230.56984339628,-240.838664310815,-244.687603540436,-239.884210990307,NA,5.8180133374444,0.00709661039048488,NA,NA,0.68526772474857,0.147159011931278,2.4478766202712,0.119385798836469,0.8,TRUE,FALSE,"",-237.426412464992,166
2,4,2,"s1",-263.466480621583,9,61,131.733240310792,-245.466480621583,-226.468615844023,-238.021039372876,-241.937068856877,-238.696968305006,NA,5.16817932887871,0.0158468162013623,NA,NA,0.690577387901276,0.153584526919178,2.38881748179683,0.122022206883305,0.666666666666667,TRUE,FALSE,"",-236.108455711662,167
3,4,2,"s1",-266.425064363737,10,61,133.212532181869,-246.425064363737,-225.316325722004,-238.152351865173,-242.025064363737,-240.471185842544,NA,5.74989985280094,0.00783136275950791,NA,NA,0.430488865423685,0.825182635143052,5.26146924444006,0.0536973160842354,0.571428571428571,TRUE,FALSE,"",-237.654442159404,168
4,4,2,"s1",-266.653929274492,11,61,133.326964637246,-244.653929274492,-221.434316768586,-235.553945526072,-239.266174172451,-239.558391382263,NA,5.56238663603568,0.010006680586599,NA,NA,0.566980071412931,0.462768047588184,3.74493752317029,0.0774735586802427,0.5,TRUE,FALSE,"",-236.523635045197,169
5,4,2,"s1",-267.061901194452,12,60,133.530950597226,-243.061901194452,-217.929766447787,-233.231341680157,-236.423603322112,-238.756063996147,NA,4.92925236026579,0.020476122192871,NA,NA,0.657953087852834,0.306885882518819,2.8451991946808,0.0890612840485066,0.444444444444444,TRUE,FALSE,"",-236.197504975696,170
1,5,2,"s1",-266.999241136119,9,60,133.499620568059,-248.999241136119,-230.15014007612,-241.626321500398,-245.399241136119,-241.868319167071,NA,5.88414164414497,0.00655336985484555,NA,NA,0.713230929052176,0.119060429767239,2.23484581736503,0.126268922619017,0.833333333333333,TRUE,FALSE,"",-239.847097744214,171
2,5,2,"s1",-267.054156768028,10,60,133.527078384014,-247.054156768028,-226.110711145807,-238.862023839449,-242.564360849661,-240.870863075351,NA,5.59384335252022,0.00962099276658075,NA,NA,0.702400492879252,0.142725192111934,2.36234126586986,0.119496203407,0.714285714285714,TRUE,FALSE,"",-238.060847101419,172
3,5,2,"s1",-268.936096452944,11,60,134.468048226472,-246.936096452944,-223.898306268501,-237.924750231507,-241.436096452944,-241.712981465754,NA,6.16296417020331,0.00464826845209696,NA,NA,0.572106401911583,0.386010247821567,3.83270626563452,0.0768324959950644,0.625,TRUE,FALSE,"",-238.097480052592,173
4,5,2,"s1",-269.00163806317,12,60,134.500819031585,-245.00163806317,-219.869503316505,-235.171078548875,-238.36334019083,-240.254710601717,NA,5.80309098321661,0.00725758050055429,NA,NA,0.513818204220965,0.617173070698458,4.50575086021131,0.0653243310368392,0.555555555555556,TRUE,FALSE,"",-235.649837081878,174
5,5,2,"s1",-269.559533949991,13,60,134.779766974995,-243.559533949991,-216.333054641103,-232.909761142838,-235.64649047173,-239.573409901551,NA,5.58990073084992,0.00966928159486853,NA,NA,0.619186603162446,0.326560932912612,3.2383560967246,0.096174786790197,0.5,TRUE,FALSE,"",-234.315155834826,175
1,1,3,"s1",-256.175375736493,5,64,128.087687868247,-246.175375736493,-235.380960319695,-241.92291025003,-245.140892977873,-238.047292574881,NA,2.78213638470524,0.366455984549979,-2.35226083463767,0.266153030211297,0.823635223811236,0.0585351660942873,0.90832981609822,0.198405829734173,0.5,FALSE,FALSE,"",-236.522457484733,176
2,1,3,"s1",-252.809614918123,6,63,126.404807459062,-240.809614918123,-227.950806559774,-235.752182738819,-239.309614918123,-234.299705119364,NA,2.72033668911705,0.379922697776309,-2.33244905092439,0.274181895445396,0.842142337468873,0.0534765407076845,0.734315355518797,0.225022510847713,0.333333333333333,FALSE,FALSE,"",-232.589985340293,177
3,1,3,"s1",-253.244261334042,7,62,126.622130667021,-239.244261334042,-224.354320638727,-233.398094957009,-237.170187259968,-234.216958477594,NA,0.930297547344078,0.833714456524824,-1.09190335788934,0.791941416888192,0.773178536676737,0.127237910134036,1.41914308939036,0.119685659685543,0.25,FALSE,FALSE,"",-231.51999864964,178
4,1,3,"s1",-249.918111018732,8,61,124.959055509366,-233.918111018732,-217.031120105346,-227.299941019881,-231.148880249501,-229.872114220731,NA,0.451182634336762,0.932082177232994,-0.459880643766229,0.925972061365289,0.684148117937815,0.447434326157934,2.48952599171713,0.0582156075109665,0.2,FALSE,FALSE,"",-226.650831142574,179
5,1,3,"s1",-245.845725619204,9,60,122.922862809602,-227.845725619204,-208.996624559205,-220.472805983483,-224.245725619204,-225.168600465764,NA,0.263026091862778,0.963881147944208,-0.206650197032373,0.955402180934671,0.549235387589974,1.6010555484336,4.3284274350279,0.028568389060648,0.166666666666667,FALSE,FALSE,"",-221.436781571607,180
1,2,3,"s1",-262.22678010542,6,63,131.11339005271,-250.22678010542,-237.367971747071,-245.169347926116,-248.72678010542,-241.794779396867,NA,1.39871097947098,0.714928449093565,-1.49650353183666,0.645993561347314,0.776689861523424,0.102568624752112,1.50366263249187,0.123876239329995,0.666666666666667,FALSE,FALSE,"",-239.2220367725,181
2,2,3,"s1",-263.713743887807,7,63,131.856871943903,-249.713743887807,-234.711800803066,-243.813406345286,-247.677380251443,-242.732740875663,NA,1.97358871979422,0.560038722065342,-1.84804160742443,0.487777549014186,0.798637813245389,0.0725651809214507,1.23102505750388,0.168101907945921,0.5,FALSE,FALSE,"",-240.140779500713,182
3,2,3,"s1",-266.191214740356,8,62,133.095607370178,-250.191214740356,-233.174139659995,-243.509881738032,-247.47423360828,-244.810119414485,NA,1.36515562423294,0.723814599509972,-0.547002299874166,0.913419959853497,0.542940112046282,0.614547348483918,3.90250324521674,0.0554081361920112,0.4,FALSE,FALSE,"",-241.900980869909,183
4,2,3,"s1",-261.531960314086,9,61,130.765980157043,-243.531960314086,-224.534095536526,-236.086519065379,-240.00254854938,-238.850162334843,NA,1.0871097890363,0.796043060520946,-0.550507699444631,0.912908967697544,0.613903183818161,0.489668507875436,3.20262168814079,0.0639734802789944,0.333333333333333,FALSE,FALSE,"",-235.647596659058,184
5,2,3,"s1",-262.388238925546,10,60,131.194119462773,-242.388238925546,-221.444793303325,-234.196105996967,-237.898443007179,-238.715613651667,NA,0.643507127888807,0.896057411724307,-0.414181053663223,0.932216620489134,0.625406708811457,0.624200514257678,3.35919264446682,0.0504327232677183,0.285714285714286,FALSE,FALSE,"",-235.272559731802,185
1,3,3,"s1",-268.374417870086,7,62,134.187208935043,-254.374417870086,-239.48447717477,-248.528251493053,-252.300343796012,-246.484202922219,NA,2.43251561013499,0.444555704071374,-1.35621085415385,0.703330594665536,0.669533951524144,0.168965795291049,2.60192440068468,0.106301574101062,0.75,FALSE,FALSE,"",-243.654711731157,186
2,3,3,"s1",-268.399266991848,8,62,134.199633495924,-252.399266991848,-235.382191911487,-245.717933989524,-249.682285859772,-245.120172597667,NA,2.36297942344992,0.460934325979464,-1.27766319819024,0.731704013414452,0.680033061871201,0.170382224841491,2.48373402685809,0.111814408402086,0.6,FALSE,FALSE,"",-242.73401530017,187
3,3,3,"s1",-270.212588074093,9,62,135.106294037047,-252.212588074093,-233.068378608687,-244.696088446479,-248.751049612555,-246.110188836008,NA,1.91508377667295,0.575018807592885,-0.532412057728865,0.915546821325304,0.461462701569952,0.778692600655999,4.84995633240816,0.0527050769278543,0.5,FALSE,FALSE,"",-243.968056793799,188
4,3,3,"s1",-265.031234606385,10,61,132.515617303192,-245.031234606385,-223.922495964651,-236.758522107821,-240.631234606385,-239.74366169358,NA,1.61532303908952,0.656634843597761,-0.517312248271493,0.917747963886659,0.522545218971178,0.690235255399909,4.21609778839911,0.0590046365910262,0.428571428571429,FALSE,FALSE,"",-236.144070322983,189
5,3,3,"s1",-266.122939683857,11,60,133.061469841929,-244.122939683857,-221.085149499414,-235.111593462421,-238.622939683857,-239.61090069023,NA,1.17984022421395,0.772533685198152,-0.644207390559436,0.89740045531286,0.656929570748995,0.353533282968109,2.86608587116572,0.0774334499118277,0.375,FALSE,FALSE,"",-236.310655426243,190
1,4,3,"s1",-263.456834309667,8,61,131.728417154833,-247.456834309667,-230.56984339628,-240.838664310815,-244.687603540436,-239.884210990307,NA,2.2552704406184,0.487222889055817,-1.3862151143925,0.691688520217559,0.68526772474857,0.147159011931278,2.4478766202712,0.119385798836469,0.8,FALSE,FALSE,"",-237.426412464992,191
2,4,3,"s1",-263.466480621583,9,61,131.733240310792,-245.466480621583,-226.468615844023,-238.021039372876,-241.937068856877,-238.696968305006,NA,2.21717494906745,0.496645965082224,-1.33106185830699,0.712488724292052,0.690577387901276,0.153584526919178,2.38881748179683,0.122022206883305,0.666666666666667,FALSE,FALSE,"",-236.108455711662,192
3,4,3,"s1",-266.425064363737,10,61,133.212532181869,-246.425064363737,-225.316325722004,-238.152351865173,-242.025064363737,-240.471185842544,NA,2.02836621012343,0.545963254925445,-0.536842046371133,0.914901049166765,0.430488865423685,0.825182635143052,5.26146924444006,0.0536973160842354,0.571428571428571,FALSE,FALSE,"",-237.654442159404,193
4,4,3,"s1",-266.653929274492,11,61,133.326964637246,-244.653929274492,-221.434316768586,-235.553945526072,-239.266174172451,-239.558391382263,NA,2.05512395182432,0.538602778908622,-0.674970783864892,0.892241070674504,0.566980071412931,0.462768047588184,3.74493752317029,0.0774735586802427,0.5,FALSE,FALSE,"",-236.523635045197,194
5,4,3,"s1",-267.061901194452,12,60,133.530950597226,-243.061901194452,-217.929766447787,-233.231341680157,-236.423603322112,-238.756063996147,NA,1.44553133065128,0.702292829336504,-0.734602319137767,0.880372175171195,0.657953087852834,0.306885882518819,2.8451991946808,0.0890612840485066,0.444444444444444,FALSE,FALSE,"",-236.197504975696,195
1,5,3,"s1",-266.999241136119,9,60,133.499620568059,-248.999241136119,-230.15014007612,-241.626321500398,-245.399241136119,-241.868319167071,NA,2.01068104330869,0.550791315018036,-1.48899011443277,0.649167147591744,0.713230929052176,0.119060429767239,2.23484581736503,0.126268922619017,0.833333333333333,FALSE,FALSE,"",-239.847097744214,196
2,5,3,"s1",-267.054156768028,10,60,133.527078384014,-247.054156768028,-226.110711145807,-238.862023839449,-242.564360849661,-240.870863075351,NA,1.89447547544734,0.580091227231608,-1.30925199819635,0.720129251461654,0.702400492879252,0.142725192111934,2.36234126586986,0.119496203407,0.714285714285714,FALSE,FALSE,"",-238.060847101419,197
3,5,3,"s1",-268.936096452944,11,60,134.468048226472,-246.936096452944,-223.898306268501,-237.924750231507,-241.436096452944,-241.712981465754,NA,1.97746395170356,0.559070965856402,-0.792311443677663,0.868189530615371,0.572106401911583,0.386010247821567,3.83270626563452,0.0768324959950644,0.625,FALSE,FALSE,"",-238.097480052592,198
4,5,3,"s1",-269.00163806317,12,60,134.500819031585,-245.00163806317,-219.869503316505,-235.171078548875,-238.36334019083,-240.254710601717,NA,1.94181749956393,0.568348717819141,-0.593524838074369,0.906040518894771,0.513818204220965,0.617173070698458,4.50575086021131,0.0653243310368392,0.555555555555556,FALSE,FALSE,"",-235.649837081878,199
5,5,3,"s1",-269.559533949991,13,60,134.779766974995,-243.559533949991,-216.333054641103,-232.909761142838,-235.64649047173,-239.573409901551,NA,2.10870342581404,0.524466504953997,-0.800774948295639,0.866282627626265,0.619186603162446,0.326560932912612,3.2383560967246,0.096174786790197,0.5,FALSE,FALSE,"",-234.315155834826,200
1,1,4,"s1",-257.935647836233,6,64,128.967823918117,-245.935647836233,-232.982349336075,-240.832689252477,-244.461963625707,-226.364377401099,NA,2.41329517100039,0.545974038461683,NA,NA,0.503286432823059,0.264648777280726,3.2598092436793,0.220334244488583,0.5,FALSE,FALSE,"",-226.261943299739,201
2,1,4,"s1",-253.864628985243,7,63,126.932314492621,-239.864628985243,-224.862685900502,-233.964291442722,-237.828265348879,-221.330084603232,NA,2.12705855708231,0.646173382040566,NA,NA,0.600562592478147,0.252955074293008,2.51338197206936,0.244272653517388,0.333333333333333,FALSE,FALSE,"",-220.723633965289,202
3,1,4,"s1",-255.817318187975,8,62,127.908659093987,-239.817318187975,-222.800243107614,-233.135985185651,-237.100337055899,-222.191397058944,NA,1.3974586835298,0.88270825665478,NA,NA,0.161191628195032,0.591152746994024,5.89474112302015,0.152850845033216,0.25,FALSE,FALSE,"",-222.464001621519,203
4,1,4,"s1",-251.374976312641,9,61,125.68748815632,-233.374976312641,-214.377111535081,-225.929535063933,-229.845564547935,-216.107446065317,NA,0.721201913922046,0.99046056594042,NA,NA,-0.0337767091922278,1.18868028369368,7.50624169744009,0.100977565242884,0.2,FALSE,FALSE,"",-214.86640568774,204
5,1,4,"s1",-246.70152835117,10,60,123.350764175585,-226.70152835117,-205.758082728949,-218.509395422591,-222.211732432802,-210.204189291939,NA,0.413808538821128,0.99735267465209,NA,NA,-0.176528111368297,2.05258531623472,8.76136895420219,0.0717209326062409,0.166666666666667,FALSE,FALSE,"",-208.397687184949,205
1,2,4,"s1",-262.36094969376,7,63,131.18047484688,-248.36094969376,-233.35900660902,-242.460612151239,-246.324586057397,-229.162977472815,NA,0.957864213956309,0.969172847249518,NA,NA,0.62929652205301,0.433260900766357,2.56730656702627,0.131542900555009,0.666666666666667,FALSE,FALSE,"",-226.294901272272,206
2,2,4,"s1",-263.865709711814,8,63,131.932854855907,-247.865709711814,-230.720631900682,-241.122466806075,-245.199043045147,-229.97610965441,NA,1.3396277717754,0.89711108933574,NA,NA,0.682092191392353,0.323275773952117,2.07688714252213,0.176384657153489,0.5,FALSE,FALSE,"",-226.693986991087,207
3,2,4,"s1",-267.200023174692,9,62,133.600011587346,-249.200023174692,-230.055813709286,-241.683523547078,-245.738484713154,-232.23655962656,NA,1.1977105438334,0.930052596764705,NA,NA,-0.0745624849710494,1.30744310374927,8.15371156777111,0.0782243240884565,0.4,FALSE,FALSE,"",-230.420505822004,208
4,2,4,"s1",-262.185074146896,10,61,131.092537073448,-242.185074146896,-221.076335505162,-233.912361648332,-237.785074146896,-225.561193875846,NA,0.90144706796002,0.975696236822264,NA,NA,0.139688704019302,1.04966585266083,6.44650736426683,0.0901821170136275,0.333333333333333,FALSE,FALSE,"",-222.919433084249,209
5,2,4,"s1",-262.403094595042,11,60,131.201547297521,-240.403094595042,-217.365304410599,-231.391748373605,-234.903094595042,-224.125477405828,NA,0.424573308649793,0.997111316282246,NA,NA,0.771439771238689,1.5151541542844,2.40750939801025,0.0454420724675793,0.285714285714286,FALSE,FALSE,"",-221.720663357494,210
1,3,4,"s1",-268.882856396347,8,62,134.441428198174,-252.882856396347,-235.865781315987,-246.201523394024,-250.165875264272,-234.345635002848,NA,1.75352077869133,0.775022300264141,NA,NA,0.354196272178362,0.552005690117861,4.86182041923403,0.117087401161113,0.75,FALSE,FALSE,"",-232.216692226684,211
2,3,4,"s1",-268.947681855704,9,62,134.473840927852,-250.947681855704,-231.803472390298,-243.43118222809,-247.486143394165,-233.131593099583,NA,1.71684590927028,0.786865417982665,NA,NA,0.379004283288429,0.517817885019757,4.62246218531499,0.126541773972966,0.6,FALSE,FALSE,"",-230.864646964821,212
3,3,4,"s1",-270.644849183218,10,62,135.322424591609,-250.644849183218,-229.373505332767,-242.293182930314,-246.331123693022,-233.924628779785,NA,1.3826666734146,0.886347477274743,NA,NA,0.0213211665558763,1.37017529222733,7.7759276416482,0.0676379496395382,0.5,FALSE,FALSE,"",-231.927080192968,213
4,3,4,"s1",-265.368929514645,11,61,132.684464757323,-243.368929514645,-220.149317008739,-234.268945766225,-237.981174412604,-227.072202642645,NA,1.15414983851116,0.93828095598026,NA,NA,0.158893828264163,1.17713677194873,6.59793298233089,0.0777136056549593,0.428571428571429,FALSE,FALSE,"",-223.612791636845,214
5,3,4,"s1",-266.206699033641,12,60,133.10334951682,-242.206699033641,-217.074564286975,-232.376139519346,-235.5684011613,-226.209217924736,NA,0.793935697487264,0.985708293857903,NA,NA,0.894024769840745,1.08595180630579,1.2682319142786,0.0662407626966338,0.375,FALSE,FALSE,"",-223.429619231594,215
1,4,4,"s1",-263.898156864151,9,61,131.949078432075,-245.898156864151,-226.900292086591,-238.452715615443,-242.368745099445,-227.787506621677,NA,1.6117143805007,0.820940112677846,NA,NA,0.406493786182512,0.500701902780054,4.4330579398029,0.133618046348209,0.8,FALSE,FALSE,"",-225.535081569487,216
2,4,4,"s1",-263.9123429428,10,61,131.9561714714,-243.9123429428,-222.803604301067,-235.639630444237,-239.5123429428,-226.694322448919,NA,1.5850381730202,0.829436548511126,NA,NA,0.417367057058495,0.500695987874852,4.33273045013504,0.136883493406441,0.666666666666667,FALSE,FALSE,"",-224.029221262171,217
3,4,4,"s1",-266.64665793539,11,61,133.323328967695,-244.64665793539,-221.427045429483,-235.54667418697,-239.258902833349,-228.241235848666,NA,1.39120905510661,0.884245828387603,NA,NA,0.0957266606583045,1.33312577995628,7.42079255353166,0.0663220801476073,0.571428571428571,FALSE,FALSE,"",-225.64973193241,218
4,4,4,"s1",-266.917254470882,12,61,133.458627235441,-242.917254470882,-217.586768100802,-232.989999472605,-236.417254470882,-227.33183605622,NA,1.41914984721497,0.877195774251136,NA,NA,0.294240750209679,0.867352960481237,5.56554977353241,0.0933695793948075,0.5,FALSE,FALSE,"",-223.990415596366,219
5,4,4,"s1",-267.157336413266,13,60,133.578668206633,-241.157336413266,-213.930857104379,-230.507563606113,-233.244292935005,-225.868200985027,NA,0.970051843566022,0.96749290079541,NA,NA,0.873402941013478,0.921081304229726,1.39099471537612,0.0772709329278396,0.444444444444444,FALSE,FALSE,"",-223.204543364831,220
1,5,4,"s1",-267.156066193946,10,60,133.578033096973,-247.156066193946,-226.212620571725,-238.963933265367,-242.666270275578,-229.447028370489,NA,1.36122952065725,0.891662469930128,NA,NA,0.90698639982597,0.587469880073965,0.85524971573959,0.117217708982848,0.833333333333333,FALSE,FALSE,"",-228.696761178526,221
2,5,4,"s1",-267.23011111705,11,60,133.615055558525,-245.23011111705,-222.192320932607,-236.218764895613,-239.73011111705,-228.467534490397,NA,1.28932800576516,0.909660615647346,NA,NA,0.921381524866069,0.646716669623247,0.817208704411543,0.108759678284143,0.714285714285714,FALSE,FALSE,"",-226.924944177732,222
3,5,4,"s1",-269.15740610782,12,60,134.57870305391,-245.15740610782,-220.025271361154,-235.326846593525,-238.519108235479,-229.367151253213,NA,1.35530204712202,0.89315755940214,NA,NA,0.953257118277699,1.10411879073142,1.25561673163035,0.0645135636631168,0.625,FALSE,FALSE,"",-227.01693186221,223
4,5,4,"s1",-269.262719988889,13,60,134.631359994444,-243.262719988889,-216.036240680001,-232.612947181736,-235.349676510628,-227.999082117074,NA,1.34142293980794,0.896658293248166,NA,NA,1.02615393532362,1.5850198494265,1.24126943108101,0.048634438562284,0.555555555555556,FALSE,FALSE,"",-224.31610229077,224
5,5,4,"s1",-269.749267455485,14,60,134.874633727742,-241.749267455485,-212.428443584375,-230.280281355474,-232.415934122151,-227.171735298614,NA,1.42881355879765,0.874659143430493,NA,NA,0.898466358457402,0.894993688182992,1.38312594932444,0.0799986483502061,0.5,FALSE,FALSE,"",-222.920217821761,225
1,1,5,"s1",-257.935647836233,6,64,128.967823918117,-245.935647836233,-232.982349336075,-240.832689252477,-244.461963625707,-226.364377401099,NA,3.61983825119775,0.443531838480644,-2.57212747769211,0.402604377661557,0.503286432823059,0.264648777280726,3.2598092436793,0.220334244488583,0.5,FALSE,FALSE,"",-226.261943299739,226
2,1,5,"s1",-253.864628985243,7,63,126.932314492621,-239.864628985243,-224.862685900502,-233.964291442722,-237.828265348879,-221.330084603232,NA,3.18757409676857,0.534237887841425,-2.47917667811051,0.447944746855787,0.600562592478147,0.252955074293008,2.51338197206936,0.244272653517388,0.333333333333333,FALSE,FALSE,"",-220.723633965289,227
3,1,5,"s1",-255.817318187975,8,62,127.908659093987,-239.817318187975,-222.800243107614,-233.135985185651,-237.100337055899,-222.191397058944,NA,1.93233306122582,0.80737584045302,-1.38268488515582,0.887231650869984,0.161191628195032,0.591152746994024,5.89474112302015,0.152850845033216,0.25,FALSE,FALSE,"",-222.464001621519,228
4,1,5,"s1",-251.374976312641,9,61,125.68748815632,-233.374976312641,-214.377111535081,-225.929535063933,-229.845564547935,-216.107446065317,NA,0.870777694391703,0.957310788494643,-0.765459727900327,0.970422585289933,-0.0337767091922278,1.18868028369368,7.50624169744009,0.100977565242884,0.2,FALSE,FALSE,"",-214.86640568774,229
5,1,5,"s1",-246.70152835117,10,60,123.350764175585,-226.70152835117,-205.758082728949,-218.509395422591,-222.211732432802,-210.204189291939,NA,0.46702541192519,0.984285890714303,-0.485639778678338,0.984784213578337,-0.176528111368297,2.05258531623472,8.76136895420219,0.0717209326062409,0.166666666666667,FALSE,FALSE,"",-208.397687184949,230
1,2,5,"s1",-262.36094969376,7,63,131.18047484688,-248.36094969376,-233.35900660902,-242.460612151239,-246.324586057397,-229.162977472815,NA,1.16627514425994,0.92756954483639,-1.52382165880788,0.853506433515607,0.62929652205301,0.433260900766357,2.56730656702627,0.131542900555009,0.666666666666667,FALSE,FALSE,"",-226.294901272272,231
2,2,5,"s1",-263.865709711814,8,63,131.932854855907,-247.865709711814,-230.720631900682,-241.122466806075,-245.199043045147,-229.97610965441,NA,1.74554616613642,0.842431135719351,-1.8674983632322,0.738651815092066,0.682092191392353,0.323275773952117,2.07688714252213,0.176384657153489,0.5,FALSE,FALSE,"",-226.693986991087,232
3,2,5,"s1",-267.200023174692,9,62,133.600011587346,-249.200023174692,-230.055813709286,-241.683523547078,-245.738484713154,-232.23655962656,NA,0.844834553573761,0.95963570745939,-0.749798814328143,0.971384331312623,-0.0745624849710494,1.30744310374927,8.15371156777111,0.0782243240884565,0.4,FALSE,FALSE,"",-230.420505822004,233
4,2,5,"s1",-262.185074146896,10,61,131.092537073448,-242.185074146896,-221.076335505162,-233.912361648332,-237.785074146896,-225.561193875846,NA,0.58383565219778,0.978150955956626,-0.739453461888408,0.972019645562738,0.139688704019302,1.04966585266083,6.44650736426683,0.0901821170136275,0.333333333333333,FALSE,FALSE,"",-222.919433084249,234
5,2,5,"s1",-262.403094595042,11,60,131.201547297521,-240.403094595042,-217.365304410599,-231.391748373605,-234.903094595042,-224.125477405828,NA,0.0620492206593723,0.998234551828586,-0.346712070497111,0.990014283503746,0.771439771238689,1.5151541542844,2.40750939801025,0.0454420724675793,0.285714285714286,FALSE,FALSE,"",-221.720663357494,235
1,3,5,"s1",-268.882856396347,8,62,134.441428198174,-252.882856396347,-235.865781315987,-246.201523394024,-250.165875264272,-234.345635002848,NA,1.30834530299998,0.909930715403906,-1.45588726428534,0.870764117641633,0.354196272178362,0.552005690117861,4.86182041923403,0.117087401161113,0.75,FALSE,FALSE,"",-232.216692226684,236
2,3,5,"s1",-268.947681855704,9,62,134.473840927852,-250.947681855704,-231.803472390298,-243.43118222809,-247.486143394165,-233.131593099583,NA,1.21778255049945,0.92155508109347,-1.39782637750491,0.88398003442682,0.379004283288429,0.517817885019757,4.62246218531499,0.126541773972966,0.6,FALSE,FALSE,"",-230.864646964821,237
3,3,5,"s1",-270.644849183218,10,62,135.322424591609,-250.644849183218,-229.373505332767,-242.293182930314,-246.331123693022,-233.924628779785,NA,0.543773971559052,0.980529210341886,-0.659087388688504,0.976954973945909,0.0213211665558763,1.37017529222733,7.7759276416482,0.0676379496395382,0.5,FALSE,FALSE,"",-231.927080192968,238
4,3,5,"s1",-265.368929514645,11,61,132.684464757323,-243.368929514645,-220.149317008739,-234.268945766225,-237.981174412604,-227.072202642645,NA,0.427407188759319,0.986225119307872,-0.646320478151358,0.97773899751992,0.158893828264163,1.17713677194873,6.59793298233089,0.0777136056549593,0.428571428571429,FALSE,FALSE,"",-223.612791636845,239
5,3,5,"s1",-266.206699033641,12,60,133.10334951682,-242.206699033641,-217.074564286975,-232.376139519346,-235.5684011613,-226.209217924736,NA,0.154350674103597,0.995597626041218,-0.514180050481136,0.983681843563018,0.894024769840745,1.08595180630579,1.2682319142786,0.0662407626966338,0.375,FALSE,FALSE,"",-223.429619231594,240
1,4,5,"s1",-263.898156864151,9,61,131.949078432075,-245.898156864151,-226.900292086591,-238.452715615443,-242.368745099445,-227.787506621677,NA,1.24847477589915,0.917734513913074,-1.48999995172861,0.862389121339948,0.406493786182512,0.500701902780054,4.4330579398029,0.133618046348209,0.8,FALSE,FALSE,"",-225.535081569487,241
2,4,5,"s1",-263.9123429428,10,61,131.9561714714,-243.9123429428,-222.803604301067,-235.639630444237,-239.5123429428,-226.694322448919,NA,1.18234990388115,0.92569251265837,-1.43519682837407,0.875598592952898,0.417367057058495,0.500695987874852,4.33273045013504,0.136883493406441,0.666666666666667,FALSE,FALSE,"",-224.029221262171,242
3,4,5,"s1",-266.64665793539,11,61,133.323328967695,-244.64665793539,-221.427045429483,-235.54667418697,-239.258902833349,-228.241235848666,NA,0.389780668271133,0.988066858249614,-0.631098431816964,0.978673792444355,0.0957266606583045,1.33312577995628,7.42079255353166,0.0663220801476073,0.571428571428571,FALSE,FALSE,"",-225.64973193241,243
4,4,5,"s1",-266.917254470882,12,61,133.458627235441,-242.917254470882,-217.586768100802,-232.989999472605,-236.417254470882,-227.33183605622,NA,0.480461966946736,0.983628199641491,-0.773326621616469,0.969921305490677,0.294240750209679,0.867352960481237,5.56554977353241,0.0933695793948075,0.5,FALSE,FALSE,"",-223.990415596366,244
5,4,5,"s1",-267.157336413266,13,60,133.578668206633,-241.157336413266,-213.930857104379,-230.507563606113,-233.244292935005,-225.868200985027,NA,0.201489407809403,0.994250937144625,-0.595353999402163,0.980546494049396,0.873402941013478,0.921081304229726,1.39099471537612,0.0772709329278396,0.444444444444444,FALSE,FALSE,"",-223.204543364831,245
1,5,5,"s1",-267.156066193946,10,60,133.578033096973,-247.156066193946,-226.212620571725,-238.963933265367,-242.666270275578,-229.447028370489,NA,0.998108499275551,0.94550868754813,-1.31530511938707,0.901436145209878,0.90698639982597,0.587469880073965,0.85524971573959,0.117217708982848,0.833333333333333,FALSE,FALSE,"",-228.696761178526,246
2,5,5,"s1",-267.23011111705,11,60,133.615055558525,-245.23011111705,-222.192320932607,-236.218764895613,-239.73011111705,-228.467534490397,NA,0.751345984707859,0.966986533428815,-1.12921533977526,0.933332171443649,0.921381524866069,0.646716669623247,0.817208704411543,0.108759678284143,0.714285714285714,FALSE,FALSE,"",-226.924944177732,247
3,5,5,"s1",-269.15740610782,12,60,134.57870305391,-245.15740610782,-220.025271361154,-235.326846593525,-238.519108235479,-229.367151253213,NA,0.240568672508081,0.993134496211248,-0.632005615365556,0.978618081762747,0.953257118277699,1.10411879073142,1.25561673163035,0.0645135636631168,0.625,FALSE,FALSE,"",-227.01693186221,248
4,5,5,"s1",-269.262719988889,13,60,134.631359994444,-243.262719988889,-216.036240680001,-232.612947181736,-235.349676510628,-227.999082117074,NA,0.119387073291713,0.996596488108496,-0.41586660502017,0.987479207341741,1.02615393532362,1.5850198494265,1.24126943108101,0.048634438562284,0.555555555555556,FALSE,FALSE,"",-224.31610229077,249
5,5,5,"s1",-269.749267455485,14,60,134.874633727742,-241.749267455485,-212.428443584375,-230.280281355474,-232.415934122151,-227.171735298614,NA,0.228031754280761,0.993492658750776,-0.623022893935652,0.979169716031612,0.898466358457402,0.894993688182992,1.38312594932444,0.0799986483502061,0.5,FALSE,FALSE,"",-222.920217821761,250
1,1,1,"s2",NA,NA,NA,NA,NA,NA,NA,NA,NA,NA,NA,NA,NA,NA,NA,NA,NA,NA,0.5,FALSE,TRUE,"The length of 'order' is not correct",NA,251
2,1,1,"s2",NA,NA,NA,NA,NA,NA,NA,NA,NA,NA,NA,NA,NA,NA,NA,NA,NA,NA,0.333333333333333,FALSE,TRUE,"The length of 'order' is not correct",NA,252
3,1,1,"s2",NA,NA,NA,NA,NA,NA,NA,NA,NA,NA,NA,NA,NA,NA,NA,NA,NA,NA,0.25,FALSE,TRUE,"The length of 'order' is not correct",NA,253
4,1,1,"s2",NA,NA,NA,NA,NA,NA,NA,NA,NA,NA,NA,NA,NA,NA,NA,NA,NA,NA,0.2,FALSE,TRUE,"The length of 'order' is not correct",NA,254
5,1,1,"s2",NA,NA,NA,NA,NA,NA,NA,NA,NA,NA,NA,NA,NA,NA,NA,NA,NA,NA,0.166666666666667,FALSE,TRUE,"The length of 'order' is not correct",NA,255
1,2,1,"s2",NA,NA,NA,NA,NA,NA,NA,NA,NA,NA,NA,NA,NA,NA,NA,NA,NA,NA,0.666666666666667,FALSE,TRUE,"The length of 'order' is not correct",NA,256
2,2,1,"s2",NA,NA,NA,NA,NA,NA,NA,NA,NA,NA,NA,NA,NA,NA,NA,NA,NA,NA,0.5,FALSE,TRUE,"The length of 'order' is not correct",NA,257
3,2,1,"s2",NA,NA,NA,NA,NA,NA,NA,NA,NA,NA,NA,NA,NA,NA,NA,NA,NA,NA,0.4,FALSE,TRUE,"The length of 'order' is not correct",NA,258
4,2,1,"s2",NA,NA,NA,NA,NA,NA,NA,NA,NA,NA,NA,NA,NA,NA,NA,NA,NA,NA,0.333333333333333,FALSE,TRUE,"The length of 'order' is not correct",NA,259
5,2,1,"s2",NA,NA,NA,NA,NA,NA,NA,NA,NA,NA,NA,NA,NA,NA,NA,NA,NA,NA,0.285714285714286,FALSE,TRUE,"The length of 'order' is not correct",NA,260
1,3,1,"s2",NA,NA,NA,NA,NA,NA,NA,NA,NA,NA,NA,NA,NA,NA,NA,NA,NA,NA,0.75,FALSE,TRUE,"The length of 'order' is not correct",NA,261
2,3,1,"s2",NA,NA,NA,NA,NA,NA,NA,NA,NA,NA,NA,NA,NA,NA,NA,NA,NA,NA,0.6,FALSE,TRUE,"The length of 'order' is not correct",NA,262
3,3,1,"s2",NA,NA,NA,NA,NA,NA,NA,NA,NA,NA,NA,NA,NA,NA,NA,NA,NA,NA,0.5,FALSE,TRUE,"The length of 'order' is not correct",NA,263
4,3,1,"s2",NA,NA,NA,NA,NA,NA,NA,NA,NA,NA,NA,NA,NA,NA,NA,NA,NA,NA,0.428571428571429,FALSE,TRUE,"The length of 'order' is not correct",NA,264
5,3,1,"s2",NA,NA,NA,NA,NA,NA,NA,NA,NA,NA,NA,NA,NA,NA,NA,NA,NA,NA,0.375,FALSE,TRUE,"The length of 'order' is not correct",NA,265
1,4,1,"s2",NA,NA,NA,NA,NA,NA,NA,NA,NA,NA,NA,NA,NA,NA,NA,NA,NA,NA,0.8,FALSE,TRUE,"The length of 'order' is not correct",NA,266
2,4,1,"s2",NA,NA,NA,NA,NA,NA,NA,NA,NA,NA,NA,NA,NA,NA,NA,NA,NA,NA,0.666666666666667,FALSE,TRUE,"The length of 'order' is not correct",NA,267
3,4,1,"s2",NA,NA,NA,NA,NA,NA,NA,NA,NA,NA,NA,NA,NA,NA,NA,NA,NA,NA,0.571428571428571,FALSE,TRUE,"The length of 'order' is not correct",NA,268
4,4,1,"s2",NA,NA,NA,NA,NA,NA,NA,NA,NA,NA,NA,NA,NA,NA,NA,NA,NA,NA,0.5,FALSE,TRUE,"The length of 'order' is not correct",NA,269
5,4,1,"s2",NA,NA,NA,NA,NA,NA,NA,NA,NA,NA,NA,NA,NA,NA,NA,NA,NA,NA,0.444444444444444,FALSE,TRUE,"The length of 'order' is not correct",NA,270
1,5,1,"s2",NA,NA,NA,NA,NA,NA,NA,NA,NA,NA,NA,NA,NA,NA,NA,NA,NA,NA,0.833333333333333,FALSE,TRUE,"The length of 'order' is not correct",NA,271
2,5,1,"s2",NA,NA,NA,NA,NA,NA,NA,NA,NA,NA,NA,NA,NA,NA,NA,NA,NA,NA,0.714285714285714,FALSE,TRUE,"The length of 'order' is not correct",NA,272
3,5,1,"s2",NA,NA,NA,NA,NA,NA,NA,NA,NA,NA,NA,NA,NA,NA,NA,NA,NA,NA,0.625,FALSE,TRUE,"The length of 'order' is not correct",NA,273
4,5,1,"s2",NA,NA,NA,NA,NA,NA,NA,NA,NA,NA,NA,NA,NA,NA,NA,NA,NA,NA,0.555555555555556,FALSE,TRUE,"The length of 'order' is not correct",NA,274
5,5,1,"s2",NA,NA,NA,NA,NA,NA,NA,NA,NA,NA,NA,NA,NA,NA,NA,NA,NA,NA,0.5,FALSE,TRUE,"The length of 'order' is not correct",NA,275
1,1,2,"s2",-257.500486250649,6,64,128.750243125325,-245.500486250649,-232.547187750491,-240.397527666893,-244.026802040123,-235.728329799833,NA,2.33965614002902,0.316512886661381,NA,NA,0.791382984692566,0.0662832827722397,1.14340438724452,0.202535141875034,0.5,FALSE,FALSE,"",-234.689052778049,276
2,1,2,"s2",-253.82331356045,7,63,126.911656780225,-239.82331356045,-224.821370475709,-233.922976017929,-237.786949924086,-231.647020511699,NA,2.27014139314187,0.336384532801376,NA,NA,0.81518313619945,0.0606906542578595,0.933048105710478,0.228806675429912,0.333333333333333,FALSE,FALSE,"",-230.298898263274,277
3,1,2,"s2",-255.352286738376,8,62,127.676143369188,-239.352286738376,-222.335211658015,-232.670953736053,-236.635305606301,-232.61346446776,NA,1.87287961039169,0.471587404515061,NA,NA,0.687358516389495,0.203217044126175,2.07811433751247,0.114452023299223,0.25,FALSE,FALSE,"",-230.341764298175,278
4,1,2,"s2",-251.556954218368,9,61,125.778477109184,-233.556954218368,-214.559089440808,-226.11151296966,-230.027542453662,-227.371466177353,NA,2.02508314747486,0.415840439549153,NA,NA,0.476733247793891,0.987950587575213,4.14507513402502,0.0520836307579861,0.2,FALSE,FALSE,"",-224.197392581757,279
5,1,2,"s2",-247.656815849973,10,60,123.828407924986,-227.656815849973,-206.713370227752,-219.464682921394,-223.167019931605,-222.905994708336,NA,1.95250954357001,0.442109294034118,NA,NA,-1.20162159065646,29.7870600076356,20.8144807991511,0.00965384359800336,0.166666666666667,FALSE,FALSE,"",-218.872443919033,280
1,2,2,"s2",-262.252817461796,7,63,131.126408730898,-248.252817461796,-233.250874377056,-242.352479919275,-246.216453825433,-238.072813504016,NA,3.44744678434408,0.106364570672877,NA,NA,0.770757938675553,0.110816766379073,1.54002221339227,0.125524137066052,0.666666666666667,FALSE,FALSE,"",-234.770611755462,281
2,2,2,"s2",-263.725904996291,8,63,131.862952498146,-247.725904996291,-230.580827185159,-240.982662090553,-245.059238329625,-238.99253604909,NA,3.76131088464751,0.0759739795827227,NA,NA,0.795452573803547,0.0796315975361525,1.25185327614922,0.169043769150347,0.5,TRUE,FALSE,"",-235.858574103186,282
3,2,2,"s2",-266.495336268485,9,62,133.247668134242,-248.495336268485,-229.351126803079,-240.978836640871,-245.033797806946,-241.382044027204,NA,4.30680884000141,0.0409721403855674,NA,NA,0.493427338054771,0.701184173759664,4.24169053174215,0.0562694152104191,0.4,TRUE,FALSE,"",-238.302322814586,283
4,2,2,"s2",-261.618583147564,10,61,130.809291573782,-241.618583147564,-220.50984450583,-233.345870649,-237.218583147564,-235.018544678534,NA,3.95274059974719,0.0614078943863922,NA,NA,0.575842899752995,0.590995050548967,3.50587655648357,0.0624593284923572,0.333333333333333,TRUE,FALSE,"",-231.70199013327,284
5,2,2,"s2",-262.452478257976,11,60,131.226239128988,-240.452478257976,-217.414688073532,-231.441132036539,-234.952478257976,-234.860881503429,NA,3.97991701671264,0.0593968976470572,NA,NA,0.677784378930455,0.520948483411165,2.87843920163087,0.0544120460959306,0.285714285714286,TRUE,FALSE,"",-230.820332957933,285
1,3,2,"s2",-268.385090426784,8,62,134.192545213392,-252.385090426784,-235.368015346423,-245.703757424461,-249.668109294709,-242.699537194809,NA,6.41637781781413,0.00351751640017387,NA,NA,0.673096208428726,0.173690070353336,2.58323430385799,0.105530811693896,0.75,TRUE,FALSE,"",-239.103849642811,286
2,3,2,"s2",-268.408395848634,9,62,134.204197924317,-250.408395848634,-231.264186383228,-242.89189622102,-246.946857387095,-241.239270162281,NA,6.13812925168998,0.00478065725586325,NA,NA,0.682932041575774,0.174634385624255,2.46995737532579,0.11093311747212,0.6,TRUE,FALSE,"",-238.441696890254,287
3,3,2,"s2",-270.229822067268,10,62,135.114911033634,-250.229822067268,-228.958478216817,-241.878155814364,-245.916096577072,-242.204539570226,NA,5.55211295520483,0.0101407211115132,NA,NA,0.450557494916021,0.807329925747542,4.91735481035807,0.0529471662137159,0.5,TRUE,FALSE,"",-239.949965340785,288
4,3,2,"s2",-265.031234878366,11,61,132.515617439183,-243.031234878366,-219.811622372459,-233.931251129946,-237.643479776325,-235.782439567345,NA,5.04134569596812,0.0181594969124235,NA,NA,0.522615199588153,0.712528190839551,4.21554118781542,0.0590070575658882,0.428571428571429,TRUE,FALSE,"",-231.965356126651,289
5,3,2,"s2",-266.832390957209,12,60,133.416195478605,-242.832390957209,-217.700256210544,-233.001831442914,-236.194093084869,-236.439413473452,NA,5.36646737665384,0.0128887197852027,NA,NA,0.755871023303735,0.213954445924343,1.97325238391187,0.0940825763082862,0.375,TRUE,FALSE,"",-232.764196429919,290
1,4,2,"s2",-263.538051152411,9,61,131.769025576206,-245.538051152411,-226.540186374852,-238.092609903704,-242.008639387706,-235.921690164197,NA,5.35123601093242,0.0131127449889578,NA,NA,0.695961738951646,0.150934591652928,2.3901382648747,0.11732946872388,0.8,TRUE,FALSE,"",-233.233313393917,291
2,4,2,"s2",-263.547450812526,10,61,131.773725406263,-243.547450812526,-222.438712170793,-235.274738313962,-239.147450812526,-234.690572108241,NA,4.82774816407408,0.0227351603081216,NA,NA,0.701042081831382,0.156935700327239,2.33220579978911,0.119933514422597,0.666666666666667,TRUE,FALSE,"",-231.992934354945,292
3,4,2,"s2",-266.442820020758,11,61,133.221410010379,-244.442820020758,-221.223207514852,-235.342836272338,-239.055064918718,-236.381178284284,NA,5.26761013071133,0.014363374580086,NA,NA,0.440808155716405,0.826448613902002,5.2085060859276,0.0532171535351832,0.571428571428571,TRUE,FALSE,"",-233.586514112445,293
4,4,2,"s2",-266.713301083788,12,61,133.356650541894,-242.713301083788,-217.382814713708,-232.786046085512,-236.213301083788,-235.565986797922,NA,5.17747490844006,0.0157084108832536,NA,NA,0.591971549395063,0.436899554868241,3.54469574323449,0.0792743408864958,0.5,TRUE,FALSE,"",-232.264928390333,294
5,4,2,"s2",-268.082866293587,13,60,134.041433146794,-242.082866293587,-214.8563869847,-231.433093486434,-234.169822815326,-235.888077492572,NA,5.13818987082491,0.016330756865258,NA,NA,0.7588028015267,0.179142136920227,1.93595390563634,0.11093734297512,0.444444444444444,TRUE,FALSE,"",-233.092224187008,295
1,5,2,"s2",-268.32332640627,10,60,134.161663203135,-248.32332640627,-227.379880784049,-240.131193477691,-243.833530487903,-239.106164000257,NA,5.98408174226505,0.00579504763917251,NA,NA,0.758602055275775,0.113865298052013,1.97291326019392,0.121809351388072,0.833333333333333,TRUE,FALSE,"",-237.313228926847,296
2,5,2,"s2",-268.387890563327,11,60,134.193945281664,-246.387890563327,-223.350100378884,-237.37654434189,-240.887890563327,-238.103821830535,NA,5.74736310596485,0.00785872710237171,NA,NA,0.749523055336501,0.132183989798295,2.0980264941169,0.114531321781181,0.714285714285714,TRUE,FALSE,"",-235.380985777444,297
3,5,2,"s2",-269.981716766502,12,60,134.990858383251,-245.981716766502,-220.849582019837,-236.151157252207,-239.343418894162,-238.655195137749,NA,6.17601914664269,0.00457867560390297,NA,NA,0.643993336874431,0.318686478959425,3.37537473677957,0.0760147491447383,0.625,TRUE,FALSE,"",-235.153059721318,298
4,5,2,"s2",-269.991462011256,13,60,134.995731005628,-243.991462011256,-216.764982702369,-233.341689204104,-236.078418532995,-237.148257764729,NA,5.87658502826284,0.00661240218891213,NA,NA,0.626698634002139,0.418650286976801,3.59218238736269,0.0715722573937778,0.555555555555556,TRUE,FALSE,"",-232.448512451795,299
5,5,2,"s2",-271.420578011179,14,60,135.71028900559,-243.420578011179,-214.09975414007,-231.951591911168,-234.087244677846,-237.440529471802,NA,6.07587168125267,0.0051486629146749,NA,NA,0.742224143867899,0.166194918761738,2.12396380524589,0.126691717553279,0.5,TRUE,FALSE,"",-232.342542591175,300
1,1,3,"s2",-257.500486250649,6,64,128.750243125325,-245.500486250649,-232.547187750491,-240.397527666893,-244.026802040123,-235.728329799833,NA,3.07583417237513,0.30857362052374,-2.40317497375442,0.246430049618515,0.791382984692566,0.0662832827722397,1.14340438724452,0.202535141875034,0.5,FALSE,FALSE,"",-234.689052778049,301
2,1,3,"s2",-253.82331356045,7,63,126.911656780225,-239.82331356045,-224.821370475709,-233.922976017929,-237.786949924086,-231.647020511699,NA,2.89218818860507,0.344103931195464,-2.36776488491242,0.259757096161492,0.81518313619945,0.0606906542578595,0.933048105710478,0.228806675429912,0.333333333333333,FALSE,FALSE,"",-230.298898263274,302
3,1,3,"s2",-255.352286738376,8,62,127.676143369188,-239.352286738376,-222.335211658015,-232.670953736053,-236.635305606301,-232.61346446776,NA,1.5468088579377,0.674565570970965,-1.05170781766685,0.803664196980805,0.687358516389495,0.203217044126175,2.07811433751247,0.114452023299223,0.25,FALSE,FALSE,"",-230.341764298175,303
4,1,3,"s2",-251.556954218368,9,61,125.778477109184,-233.556954218368,-214.559089440808,-226.11151296966,-230.027542453662,-227.371466177353,NA,1.00619505640437,0.815871977221776,-0.412707406503395,0.932404526207063,0.476733247793891,0.987950587575213,4.14507513402502,0.0520836307579861,0.2,FALSE,FALSE,"",-224.197392581757,304
5,1,3,"s2",-247.656815849973,10,60,123.828407924986,-227.656815849973,-206.713370227752,-219.464682921394,-223.167019931605,-222.905994708336,NA,0.822283902812556,0.858135400628087,-0.0697654901968037,0.96643863208148,-1.20162159065646,29.7870600076356,20.8144807991511,0.00965384359800336,0.166666666666667,FALSE,FALSE,"",-218.872443919033,305
1,2,3,"s2",-262.252817461796,7,63,131.126408730898,-248.252817461796,-233.250874377056,-242.352479919275,-246.216453825433,-238.072813504016,NA,1.32137704291586,0.73516496924577,-1.4908702261453,0.648373008740119,0.770757938675553,0.110816766379073,1.54002221339227,0.125524137066052,0.666666666666667,FALSE,FALSE,"",-234.770611755462,306
2,2,3,"s2",-263.725904996291,8,63,131.862952498146,-247.725904996291,-230.580827185159,-240.982662090553,-245.059238329625,-238.99253604909,NA,1.86773260777525,0.587247873040179,-1.83283858765544,0.494801826817579,0.795452573803547,0.0796315975361525,1.25185327614922,0.169043769150347,0.5,FALSE,FALSE,"",-235.858574103186,307
3,2,3,"s2",-266.495336268485,9,62,133.247668134242,-248.495336268485,-229.351126803079,-240.978836640871,-245.033797806946,-241.382044027204,NA,1.43772394659617,0.704446008809066,-0.551613401615903,0.91274778631865,0.493427338054771,0.701184173759664,4.24169053174215,0.0562694152104191,0.4,FALSE,FALSE,"",-238.302322814586,308
4,2,3,"s2",-261.618583147564,10,61,130.809291573782,-241.618583147564,-220.50984450583,-233.345870649,-237.218583147564,-235.018544678534,NA,0.992824483766467,0.819209929122407,-0.532051264454381,0.915599415196409,0.575842899752995,0.590995050548967,3.50587655648357,0.0624593284923572,0.333333333333333,FALSE,FALSE,"",-231.70199013327,309
5,2,3,"s2",-262.452478257976,11,60,131.226239128988,-240.452478257976,-217.414688073532,-231.441132036539,-234.952478257976,-234.860881503429,NA,0.382902435016333,0.94404057848821,-0.438254685612057,0.92904836789053,0.677784378930455,0.520948483411165,2.87843920163087,0.0544120460959306,0.285714285714286,FALSE,FALSE,"",-230.820332957933,310
1,3,3,"s2",-268.385090426784,8,62,134.192545213392,-252.385090426784,-235.368015346423,-245.703757424461,-249.668109294709,-242.699537194809,NA,1.94141037995659,0.568455202939441,-1.32743397847365,0.713758892051642,0.673096208428726,0.173690070353336,2.58323430385799,0.105530811693896,0.75,FALSE,FALSE,"",-239.103849642811,311
2,3,3,"s2",-268.408395848634,9,62,134.204197924317,-250.408395848634,-231.264186383228,-242.89189622102,-246.946857387095,-241.239270162281,NA,1.86765559933102,0.587268481232479,-1.24795983129803,0.742835624436766,0.682932041575774,0.174634385624255,2.46995737532579,0.11093311747212,0.6,FALSE,FALSE,"",-238.441696890254,312
3,3,3,"s2",-270.229822067268,10,62,135.114911033634,-250.229822067268,-228.958478216817,-241.878155814364,-245.916096577072,-242.204539570226,NA,1.61835547913567,0.655778626951298,-0.529753828395827,0.915934319044352,0.450557494916021,0.807329925747542,4.91735481035807,0.0529471662137159,0.5,FALSE,FALSE,"",-239.949965340785,313
4,3,3,"s2",-265.031234878366,11,61,132.515617439183,-243.031234878366,-219.811622372459,-233.931251129946,-237.643479776325,-235.782439567345,NA,1.22499678788943,0.760661353814206,-0.511729793076021,0.918561734402261,0.522615199588153,0.712528190839551,4.21554118781542,0.0590070575658882,0.428571428571429,FALSE,FALSE,"",-231.965356126651,314
5,3,3,"s2",-266.832390957209,12,60,133.416195478605,-242.832390957209,-217.700256210544,-233.001831442914,-236.194093084869,-236.439413473452,NA,0.622413898562531,0.900320423911982,-0.766621766286647,0.873686783353305,0.755871023303735,0.213954445924343,1.97325238391187,0.0940825763082862,0.375,FALSE,FALSE,"",-232.764196429919,315
1,4,3,"s2",-263.538051152411,9,61,131.769025576206,-245.538051152411,-226.540186374852,-238.092609903704,-242.008639387706,-235.921690164197,NA,1.6757289159127,0.639733106498688,-1.34489849092982,0.707512635709711,0.695961738951646,0.150934591652928,2.3901382648747,0.11732946872388,0.8,FALSE,FALSE,"",-233.233313393917,316
2,4,3,"s2",-263.547450812526,10,61,131.773725406263,-243.547450812526,-222.438712170793,-235.274738313962,-239.147450812526,-234.690572108241,NA,1.64413040143682,0.64852265542691,-1.29164590551117,0.726521483239343,0.701042081831382,0.156935700327239,2.33220579978911,0.119933514422597,0.666666666666667,FALSE,FALSE,"",-231.992934354945,317
3,4,3,"s2",-266.442820020758,11,61,133.221410010379,-244.442820020758,-221.223207514852,-235.342836272338,-239.055064918718,-236.381178284284,NA,1.4790363065661,0.69302288960304,-0.526467821433182,0.916413329710202,0.440808155716405,0.826448613902002,5.2085060859276,0.0532171535351832,0.571428571428571,FALSE,FALSE,"",-233.586514112445,318
4,4,3,"s2",-266.713301083788,12,61,133.356650541894,-242.713301083788,-217.382814713708,-232.786046085512,-236.213301083788,-235.565986797922,NA,1.47646850326701,0.693734083582512,-0.682326815106447,0.891007377297115,0.591971549395063,0.436899554868241,3.54469574323449,0.0792743408864958,0.5,FALSE,FALSE,"",-232.264928390333,319
5,4,3,"s2",-268.082866293587,13,60,134.041433146794,-242.082866293587,-214.8563869847,-231.433093486434,-234.169822815326,-235.888077492572,NA,0.81544689474486,0.859723154344221,-0.895376000536345,0.844453069330852,0.7588028015267,0.179142136920227,1.93595390563634,0.11093734297512,0.444444444444444,FALSE,FALSE,"",-233.092224187008,320
1,5,3,"s2",-268.32332640627,10,60,134.161663203135,-248.32332640627,-227.379880784049,-240.131193477691,-243.833530487903,-239.106164000257,NA,1.26284061943675,0.751004302463088,-1.43624686109937,0.671326216598445,0.758602055275775,0.113865298052013,1.97291326019392,0.121809351388072,0.833333333333333,FALSE,FALSE,"",-237.313228926847,321
2,5,3,"s2",-268.387890563327,11,60,134.193945281664,-246.387890563327,-223.350100378884,-237.37654434189,-240.887890563327,-238.103821830535,NA,1.09399166197252,0.794360704372285,-1.25443915869958,0.740614789816455,0.749523055336501,0.132183989798295,2.0980264941169,0.114531321781181,0.714285714285714,FALSE,FALSE,"",-235.380985777444,322
3,5,3,"s2",-269.981716766502,12,60,134.990858383251,-245.981716766502,-220.849582019837,-236.151157252207,-239.343418894162,-238.655195137749,NA,1.00687435927884,0.8157023898464,-0.782595628463959,0.870350906372987,0.643993336874431,0.318686478959425,3.37537473677957,0.0760147491447383,0.625,FALSE,FALSE,"",-235.153059721318,323
4,5,3,"s2",-269.991462011256,13,60,134.995731005628,-243.991462011256,-216.764982702369,-233.341689204104,-236.078418532995,-237.148257764729,NA,0.978157943491026,0.822687340409066,-0.647485513684519,0.896850675321873,0.626698634002139,0.418650286976801,3.59218238736269,0.0715722573937778,0.555555555555556,FALSE,FALSE,"",-232.448512451795,324
5,5,3,"s2",-271.420578011179,14,60,135.71028900559,-243.420578011179,-214.09975414007,-231.951591911168,-234.087244677846,-237.440529471802,NA,1.23223690046522,0.758789414581613,-1.03683426098424,0.807921116408445,0.742224143867899,0.166194918761738,2.12396380524589,0.126691717553279,0.5,FALSE,FALSE,"",-232.342542591175,325
1,1,4,"s2",-258.517755094076,7,64,129.258877547038,-244.517755094076,-229.405573510558,-238.564303413027,-242.517755094076,-222.758700382307,NA,2.35190348603467,0.566410697348276,NA,NA,0.544901063457476,0.269586340360944,2.95326888218095,0.218813252410138,0.5,FALSE,FALSE,"",-222.539846206012,326
2,1,4,"s2",-254.402344159856,8,63,127.201172079928,-238.402344159856,-221.257266348723,-231.659101254117,-235.735677493189,-217.686241252838,NA,2.08045744087501,0.663278249653867,NA,NA,0.634937761647124,0.258397066781612,2.26037384297885,0.242778725181932,0.333333333333333,FALSE,FALSE,"",-216.806799115417,327
3,1,4,"s2",-256.884908806391,9,62,128.442454403195,-238.884908806391,-219.740699340985,-231.368409178777,-235.423370344852,-218.977032954177,NA,1.47959772576271,0.860672670771955,NA,NA,0.197352992437891,0.616906310525108,5.64879022028625,0.142348034711229,0.25,FALSE,FALSE,"",-219.153641934362,328
4,1,4,"s2",-252.476687273262,10,61,126.238343636631,-232.476687273262,-211.367948631528,-224.203974774698,-228.076687273262,-212.908235936922,NA,0.926152557763902,0.97290491324733,NA,NA,-0.0854922471703459,1.43739260710547,7.96971501818891,0.0875554682568533,0.2,FALSE,FALSE,"",-211.588134115234,329
5,1,4,"s2",-248.045642851651,11,60,124.022821425826,-226.045642851651,-203.007852667208,-217.034296630214,-220.545642851651,-207.233378344213,NA,0.646909312955643,0.992126290460882,NA,NA,-0.672663654721492,5.21433876612123,12.9839445466875,0.0414580525494596,0.166666666666667,FALSE,FALSE,"",-205.14682482945,330
1,2,4,"s2",-262.365683185223,8,63,131.182841592611,-246.365683185223,-229.22060537409,-239.622440279484,-243.699016518556,-225.001342696135,NA,0.899612699790955,0.975903490965212,NA,NA,0.634599772384972,0.44351610166047,2.5263298544094,0.131883123769297,0.666666666666667,FALSE,FALSE,"",-221.549563419022,331
2,2,4,"s2",-263.865793660227,9,63,131.932896830113,-245.865793660227,-226.577581122703,-238.279645391271,-242.469567245132,-225.845369381282,NA,1.26524604255353,0.915285488556305,NA,NA,0.682586783059758,0.331362405372602,2.07310893531058,0.176413147480453,0.5,FALSE,FALSE,"",-222.081530892261,332
3,2,4,"s2",-267.292610255463,10,62,133.646305127731,-247.292610255463,-226.021266405012,-238.940944002558,-242.978884765267,-228.148583717706,NA,1.17690205090109,0.933983197826253,NA,NA,-0.0551462893229757,1.32256793573982,8.01934107286175,0.0768650036238895,0.4,FALSE,FALSE,"",-226.294652842453,333
4,2,4,"s2",-262.206875270833,11,61,131.103437635417,-240.206875270833,-216.987262764927,-231.106891522413,-234.819120168792,-221.406228445058,NA,0.81670641889118,0.983835882465779,NA,NA,0.133746312838241,1.08694592252147,6.50253618174256,0.0885089184035205,0.333333333333333,FALSE,FALSE,"",-218.542160038872,334
5,2,4,"s2",-262.459495873545,12,60,131.229747936773,-238.459495873545,-213.32736112688,-228.62893635925,-231.821198001205,-220.032650814117,NA,0.25195945531047,0.999999,NA,NA,0.769618893301986,1.36965762607892,2.27758985135227,0.0507363248255314,0.285714285714286,FALSE,FALSE,"",-216.943784419523,335
1,3,4,"s2",-268.952991083194,9,62,134.476495541597,-250.952991083194,-231.808781617789,-243.43649145558,-247.491452621656,-230.210528585453,NA,1.44455915057171,0.870526077885065,NA,NA,0.333430457188582,0.575183111354281,5.02691306107746,0.115958871617758,0.75,FALSE,FALSE,"",-227.488270692762,336
2,3,4,"s2",-269.01493850746,10,62,134.50746925373,-249.01493850746,-227.743594657009,-240.663272254556,-244.701213017264,-228.969037514214,NA,1.40402404480162,0.88109300639928,NA,NA,0.359869395119476,0.540513914233373,4.77511299922524,0.125221864137481,0.6,FALSE,FALSE,"",-226.299807658522,337
3,3,4,"s2",-270.64519554419,11,62,135.322597772095,-248.64519554419,-225.246717308694,-239.458362665995,-243.36519554419,-229.684071896026,NA,1.1795435924416,0.933484226275694,NA,NA,0.0200679146895337,1.38571619734119,7.78483736597419,0.067701418547371,0.5,FALSE,FALSE,"",-227.736841384672,338
4,3,4,"s2",-265.378901639869,12,61,132.689450819934,-241.378901639869,-216.048415269789,-231.451646641592,-234.878901639869,-222.879384199683,NA,0.898262599381559,0.976056030628712,NA,NA,0.163237041037747,1.1698323126743,6.55522314487184,0.0787305359972557,0.428571428571429,FALSE,FALSE,"",-219.069628376422,339
5,3,4,"s2",-266.863599375187,13,60,133.431799687594,-240.863599375187,-213.6371200663,-230.213826568035,-232.950555896927,-222.737715180995,NA,0.4146603328139,0.997333576463015,NA,NA,0.872077105943999,0.821972950055834,1.17808562478265,0.0867413754295658,0.375,FALSE,FALSE,"",-219.33765828892,340
1,4,4,"s2",-264.03669827899,10,61,132.018349139495,-244.03669827899,-222.927959637257,-235.763985780426,-239.63669827899,-223.615308727784,NA,1.24419898687561,0.920166803906054,NA,NA,0.395507904127449,0.515094752039941,4.5327663323836,0.131923432225879,0.8,FALSE,FALSE,"",-220.906936302541,341
2,4,4,"s2",-264.050843132327,11,61,132.025421566164,-242.050843132327,-218.831230626421,-232.950859383907,-236.663088030286,-222.517233157029,NA,1.22160759901063,0.924974108823363,NA,NA,0.406757205278159,0.515212745393825,4.42900960227433,0.135180880329153,0.666666666666667,FALSE,FALSE,"",-219.475996506719,342
3,4,4,"s2",-266.686805828133,12,61,133.343402914066,-242.686805828133,-217.356319458053,-232.759550829856,-236.186805828133,-223.968191197116,NA,1.03563680914562,0.95819077460046,NA,NA,0.0885659894539683,1.35444528624191,7.48351185224544,0.0663414945435278,0.571428571428571,FALSE,FALSE,"",-221.236429486969,343
4,4,4,"s2",-267.026729251362,13,61,133.513364625681,-241.026729251362,-213.585369017109,-230.272203003229,-233.282048400299,-223.184699795113,NA,1.05161365909899,0.955615809084356,NA,NA,0.306391330253773,0.830142687477497,5.44715325890755,0.0975023663132705,0.5,FALSE,FALSE,"",-219.35011269352,344
5,4,4,"s2",-268.113411708235,14,60,134.056705854117,-240.113411708235,-210.792587837126,-228.644425608224,-230.780078374902,-222.699038941146,NA,0.540143616159796,0.994520098683823,NA,NA,0.854135012632625,0.680170026943015,1.28243522444211,0.10374105972851,0.444444444444444,FALSE,FALSE,"",-219.409229468325,345
1,5,4,"s2",-268.439702538688,11,60,134.219851269344,-246.439702538688,-223.401912354245,-237.428356317251,-240.939702538688,-226.368430996995,NA,0.858368617228599,0.980410045690379,NA,NA,0.930669725106404,0.610324615110325,0.750847946911298,0.114154097917924,0.833333333333333,FALSE,FALSE,"",-225.762796932865,346
2,5,4,"s2",-268.521842290083,12,60,134.260921145041,-244.521842290083,-219.389707543417,-234.691282775788,-237.883544417742,-225.407292947035,NA,0.751800695521499,0.989173008755969,NA,NA,0.948207151435051,0.677914419334853,0.700885542819367,0.105332553603721,0.714285714285714,FALSE,FALSE,"",-223.896596704753,347
3,5,4,"s2",-270.157485004734,13,60,135.078742502367,-244.157485004734,-216.931005695847,-233.507712197581,-236.244441526473,-226.039632323152,NA,0.705155798650611,0.990820338075439,NA,NA,0.988236011194318,1.12048299632708,1.05188822299609,0.065131478397684,0.625,FALSE,FALSE,"",-223.740557135915,348
4,5,4,"s2",-270.184022506548,14,60,135.092011253274,-242.184022506548,-212.863198635438,-230.715036406537,-232.850689173215,-224.62241071237,NA,0.689571260237063,0.991169761132888,NA,NA,1.02342566085753,1.35134271671907,1.02338217034727,0.0570962460063591,0.555555555555556,FALSE,FALSE,"",-220.874318203049,349
5,5,4,"s2",-271.494897070002,15,60,135.747448535001,-241.494897070002,-210.07972863667,-229.206697677133,-230.585806160911,-224.729782064474,NA,0.82322007480427,0.983300271699668,NA,NA,0.870156234072636,0.60454209895689,1.25450396882901,0.115878883106054,0.5,FALSE,FALSE,"",-220.508081755325,350
1,1,5,"s2",-258.517755094076,7,64,129.258877547038,-244.517755094076,-229.405573510558,-238.564303413027,-242.517755094076,-222.758700382307,NA,3.40650505535729,0.486681669313107,-2.54303457161969,0.416939134188489,0.544901063457476,0.269586340360944,2.95326888218095,0.218813252410138,0.5,FALSE,FALSE,"",-222.539846206012,351
2,1,5,"s2",-254.402344159856,8,63,127.201172079928,-238.402344159856,-221.257266348723,-231.659101254117,-235.735677493189,-217.686241252838,NA,3.05638853901985,0.563401994023985,-2.45176650878675,0.462577033283518,0.634937761647124,0.258397066781612,2.26037384297885,0.242778725181932,0.333333333333333,FALSE,FALSE,"",-216.806799115417,352
3,1,5,"s2",-256.884908806391,9,62,128.442454403195,-238.884908806391,-219.740699340985,-231.368409178777,-235.423370344852,-218.977032954177,NA,1.51205025046734,0.881149307685329,-1.28047514087211,0.908762652480864,0.197352992437891,0.616906310525108,5.64879022028625,0.142348034711229,0.25,FALSE,FALSE,"",-219.153641934362,353
4,1,5,"s2",-252.476687273262,10,61,126.238343636631,-232.476687273262,-211.367948631528,-224.203974774698,-228.076687273262,-212.908235936922,NA,0.70532711967364,0.970470843652349,-0.659605202353624,0.97692317470057,-0.0854922471703459,1.43739260710547,7.96971501818891,0.0875554682568533,0.2,FALSE,FALSE,"",-211.588134115234,354
5,1,5,"s2",-248.045642851651,11,60,124.022821425826,-226.045642851651,-203.007852667208,-217.034296630214,-220.545642851651,-207.233378344213,NA,0.324075291132522,0.990748826778645,-0.2758511857596,0.990274379658972,-0.672663654721492,5.21433876612123,12.9839445466875,0.0414580525494596,0.166666666666667,FALSE,FALSE,"",-205.14682482945,355
1,2,5,"s2",-262.365683185223,8,63,131.182841592611,-246.365683185223,-229.22060537409,-239.622440279484,-243.699016518556,-225.001342696135,NA,1.14756537215222,0.929754264553335,-1.5113303117752,0.856866558126121,0.634599772384972,0.44351610166047,2.5263298544094,0.131883123769297,0.666666666666667,FALSE,FALSE,"",-221.549563419022,356
2,2,5,"s2",-263.865793660227,9,63,131.932896830113,-245.865793660227,-226.577581122703,-238.279645391271,-242.469567245132,-225.845369381282,NA,1.71281219764525,0.848083576037705,-1.84959553645751,0.745340315971899,0.682586783059758,0.331362405372602,2.07310893531058,0.176413147480453,0.5,FALSE,FALSE,"",-222.081530892261,357
3,2,5,"s2",-267.292610255463,10,62,133.646305127731,-247.292610255463,-226.021266405012,-238.940944002558,-242.978884765267,-228.148583717706,NA,0.758170624917165,0.966453333962131,-0.729548179079214,0.972627934874945,-0.0551462893229757,1.32256793573982,8.01934107286175,0.0768650036238895,0.4,FALSE,FALSE,"",-226.294652842453,358
4,2,5,"s2",-262.206875270833,11,61,131.103437635417,-240.206875270833,-216.987262764927,-231.106891522413,-234.819120168792,-221.406228445058,NA,0.551725257349456,0.980140011646734,-0.715029054245376,0.973519562971704,0.133746312838241,1.08694592252147,6.50253618174256,0.0885089184035205,0.333333333333333,FALSE,FALSE,"",-218.542160038872,359
5,2,5,"s2",-262.459495873545,12,60,131.229747936773,-238.459495873545,-213.32736112688,-228.62893635925,-231.821198001205,-220.032650814117,NA,0.0731062616735636,0.997918667349043,-0.376698542661516,0.988992076518344,0.769618893301986,1.36965762607892,2.27758985135227,0.0507363248255314,0.285714285714286,FALSE,FALSE,"",-216.943784419523,360
1,3,5,"s2",-268.952991083194,9,62,134.476495541597,-250.952991083194,-231.808781617789,-243.43649145558,-247.491452621656,-230.210528585453,NA,1.28992463419816,0.912329847665151,-1.42695084599251,0.877525328494465,0.333430457188582,0.575183111354281,5.02691306107746,0.115958871617758,0.75,FALSE,FALSE,"",-227.488270692762,361
2,3,5,"s2",-269.01493850746,10,62,134.50746925373,-249.01493850746,-227.743594657009,-240.663272254556,-244.701213017264,-228.969037514214,NA,1.19948572384975,0.923691581618918,-1.36834912372841,0.890303108561501,0.359869395119476,0.540513914233373,4.77511299922524,0.125221864137481,0.6,FALSE,FALSE,"",-226.299807658522,362
3,3,5,"s2",-270.64519554419,11,62,135.322597772095,-248.64519554419,-225.246717308694,-239.458362665995,-243.36519554419,-229.684071896026,NA,0.52747165917422,0.981327174202749,-0.652903858546267,0.977334708211925,0.0200679146895337,1.38571619734119,7.78483736597419,0.067701418547371,0.5,FALSE,FALSE,"",-227.736841384672,363
4,3,5,"s2",-265.378901639869,12,61,132.689450819934,-241.378901639869,-216.048415269789,-231.451646641592,-234.878901639869,-222.879384199683,NA,0.422916841729649,0.986444912338936,-0.645431957529825,0.97779356210007,0.163237041037747,1.1698323126743,6.55522314487184,0.0787305359972557,0.428571428571429,FALSE,FALSE,"",-219.069628376422,364
5,3,5,"s2",-266.863599375187,13,60,133.431799687594,-240.863599375187,-213.6371200663,-230.213826568035,-232.950555896927,-222.737715180995,NA,0.242450692964185,0.993080729470987,-0.654256319834938,0.977251652759303,0.872077105943999,0.821972950055834,1.17808562478265,0.0867413754295658,0.375,FALSE,FALSE,"",-219.33765828892,365
1,4,5,"s2",-264.03669827899,10,61,132.018349139495,-244.03669827899,-222.927959637257,-235.763985780426,-239.63669827899,-223.615308727784,NA,1.20681970315015,0.922835200841588,-1.45634189795193,0.870657889080465,0.395507904127449,0.515094752039941,4.5327663323836,0.131923432225879,0.8,FALSE,FALSE,"",-220.906936302541,366
2,4,5,"s2",-264.050843132327,11,61,132.025421566164,-242.050843132327,-218.831230626421,-232.950859383907,-236.663088030286,-222.517233157029,NA,1.1441940636288,0.930138852531647,-1.40304350591419,0.882859662660906,0.406757205278159,0.515212745393825,4.42900960227433,0.135180880329153,0.666666666666667,FALSE,FALSE,"",-219.475996506719,367
3,4,5,"s2",-266.686805828133,12,61,133.343402914066,-242.686805828133,-217.356319458053,-232.759550829856,-236.186805828133,-223.968191197116,NA,0.386679600972461,0.988218648963473,-0.625143822092344,0.979039468571289,0.0885659894539683,1.35444528624191,7.48351185224544,0.0663414945435278,0.571428571428571,FALSE,FALSE,"",-221.236429486969,368
4,4,5,"s2",-267.026729251362,13,61,133.513364625681,-241.026729251362,-213.585369017109,-230.272203003229,-233.282048400299,-223.184699795113,NA,0.497034024059824,0.982817032344225,-0.79470942557892,0.968213984457498,0.306391330253773,0.830142687477497,5.44715325890755,0.0975023663132705,0.5,FALSE,FALSE,"",-219.35011269352,369
5,4,5,"s2",-268.113411708235,14,60,134.056705854117,-240.113411708235,-210.792587837126,-228.644425608224,-230.780078374902,-222.699038941146,NA,0.333417180824899,0.990481941817321,-0.775660569174315,0.969734950241719,0.854135012632625,0.680170026943015,1.28243522444211,0.10374105972851,0.444444444444444,FALSE,FALSE,"",-219.409229468325,370
1,5,5,"s2",-268.439702538688,11,60,134.219851269344,-246.439702538688,-223.401912354245,-237.428356317251,-240.939702538688,-226.368430996995,NA,0.969469648297052,0.94832008115486,-1.28097638133594,0.908657216242907,0.930669725106404,0.610324615110325,0.750847946911298,0.114154097917924,0.833333333333333,FALSE,FALSE,"",-225.762796932865,371
2,5,5,"s2",-268.521842290083,12,60,134.260921145041,-244.521842290083,-219.389707543417,-234.691282775788,-237.883544417742,-225.407292947035,NA,0.726213894201917,0.968950068039204,-1.09346704174283,0.938293364109043,0.948207151435051,0.677914419334853,0.700885542819367,0.105332553603721,0.714285714285714,FALSE,FALSE,"",-223.896596704753,372
3,5,5,"s2",-270.157485004734,13,60,135.078742502367,-244.157485004734,-216.931005695847,-233.507712197581,-236.244441526473,-226.039632323152,NA,0.254662733098885,0.99273184825248,-0.636646753461795,0.978333066710194,0.988236011194318,1.12048299632708,1.05188822299609,0.065131478397684,0.625,FALSE,FALSE,"",-223.740557135915,373
4,5,5,"s2",-270.184022506548,14,60,135.092011253274,-242.184022506548,-212.863198635438,-230.715036406537,-232.850689173215,-224.62241071237,NA,0.161247629559335,0.995400589493938,-0.484953811279602,0.984810709117591,1.02342566085753,1.35134271671907,1.02338217034727,0.0570962460063591,0.555555555555556,FALSE,FALSE,"",-220.874318203049,374
5,5,5,"s2",-271.494897070002,15,60,135.747448535001,-241.494897070002,-210.07972863667,-229.206697677133,-230.585806160911,-224.729782064474,NA,0.437216447673321,0.98574497674095,-0.879999345878382,0.961403966692704,0.870156234072636,0.60454209895689,1.25450396882901,0.115878883106054,0.5,FALSE,FALSE,"",-220.508081755325,375
1,1,1,"s3",NA,NA,NA,NA,NA,NA,NA,NA,NA,NA,NA,NA,NA,NA,NA,NA,NA,NA,0.5,FALSE,TRUE,"The length of 'order' is not correct",NA,376
2,1,1,"s3",NA,NA,NA,NA,NA,NA,NA,NA,NA,NA,NA,NA,NA,NA,NA,NA,NA,NA,0.333333333333333,FALSE,TRUE,"The length of 'order' is not correct",NA,377
3,1,1,"s3",NA,NA,NA,NA,NA,NA,NA,NA,NA,NA,NA,NA,NA,NA,NA,NA,NA,NA,0.25,FALSE,TRUE,"The length of 'order' is not correct",NA,378
4,1,1,"s3",NA,NA,NA,NA,NA,NA,NA,NA,NA,NA,NA,NA,NA,NA,NA,NA,NA,NA,0.2,FALSE,TRUE,"The length of 'order' is not correct",NA,379
5,1,1,"s3",NA,NA,NA,NA,NA,NA,NA,NA,NA,NA,NA,NA,NA,NA,NA,NA,NA,NA,0.166666666666667,FALSE,TRUE,"The length of 'order' is not correct",NA,380
1,2,1,"s3",NA,NA,NA,NA,NA,NA,NA,NA,NA,NA,NA,NA,NA,NA,NA,NA,NA,NA,0.666666666666667,FALSE,TRUE,"The length of 'order' is not correct",NA,381
2,2,1,"s3",NA,NA,NA,NA,NA,NA,NA,NA,NA,NA,NA,NA,NA,NA,NA,NA,NA,NA,0.5,FALSE,TRUE,"The length of 'order' is not correct",NA,382
3,2,1,"s3",NA,NA,NA,NA,NA,NA,NA,NA,NA,NA,NA,NA,NA,NA,NA,NA,NA,NA,0.4,FALSE,TRUE,"The length of 'order' is not correct",NA,383
4,2,1,"s3",NA,NA,NA,NA,NA,NA,NA,NA,NA,NA,NA,NA,NA,NA,NA,NA,NA,NA,0.333333333333333,FALSE,TRUE,"The length of 'order' is not correct",NA,384
5,2,1,"s3",NA,NA,NA,NA,NA,NA,NA,NA,NA,NA,NA,NA,NA,NA,NA,NA,NA,NA,0.285714285714286,FALSE,TRUE,"The length of 'order' is not correct",NA,385
1,3,1,"s3",NA,NA,NA,NA,NA,NA,NA,NA,NA,NA,NA,NA,NA,NA,NA,NA,NA,NA,0.75,FALSE,TRUE,"The length of 'order' is not correct",NA,386
2,3,1,"s3",NA,NA,NA,NA,NA,NA,NA,NA,NA,NA,NA,NA,NA,NA,NA,NA,NA,NA,0.6,FALSE,TRUE,"The length of 'order' is not correct",NA,387
3,3,1,"s3",NA,NA,NA,NA,NA,NA,NA,NA,NA,NA,NA,NA,NA,NA,NA,NA,NA,NA,0.5,FALSE,TRUE,"The length of 'order' is not correct",NA,388
4,3,1,"s3",NA,NA,NA,NA,NA,NA,NA,NA,NA,NA,NA,NA,NA,NA,NA,NA,NA,NA,0.428571428571429,FALSE,TRUE,"The length of 'order' is not correct",NA,389
5,3,1,"s3",NA,NA,NA,NA,NA,NA,NA,NA,NA,NA,NA,NA,NA,NA,NA,NA,NA,NA,0.375,FALSE,TRUE,"The length of 'order' is not correct",NA,390
1,4,1,"s3",NA,NA,NA,NA,NA,NA,NA,NA,NA,NA,NA,NA,NA,NA,NA,NA,NA,NA,0.8,FALSE,TRUE,"The length of 'order' is not correct",NA,391
2,4,1,"s3",NA,NA,NA,NA,NA,NA,NA,NA,NA,NA,NA,NA,NA,NA,NA,NA,NA,NA,0.666666666666667,FALSE,TRUE,"The length of 'order' is not correct",NA,392
3,4,1,"s3",NA,NA,NA,NA,NA,NA,NA,NA,NA,NA,NA,NA,NA,NA,NA,NA,NA,NA,0.571428571428571,FALSE,TRUE,"The length of 'order' is not correct",NA,393
4,4,1,"s3",NA,NA,NA,NA,NA,NA,NA,NA,NA,NA,NA,NA,NA,NA,NA,NA,NA,NA,0.5,FALSE,TRUE,"The length of 'order' is not correct",NA,394
5,4,1,"s3",NA,NA,NA,NA,NA,NA,NA,NA,NA,NA,NA,NA,NA,NA,NA,NA,NA,NA,0.444444444444444,FALSE,TRUE,"The length of 'order' is not correct",NA,395
1,5,1,"s3",NA,NA,NA,NA,NA,NA,NA,NA,NA,NA,NA,NA,NA,NA,NA,NA,NA,NA,0.833333333333333,FALSE,TRUE,"The length of 'order' is not correct",NA,396
2,5,1,"s3",NA,NA,NA,NA,NA,NA,NA,NA,NA,NA,NA,NA,NA,NA,NA,NA,NA,NA,0.714285714285714,FALSE,TRUE,"The length of 'order' is not correct",NA,397
3,5,1,"s3",NA,NA,NA,NA,NA,NA,NA,NA,NA,NA,NA,NA,NA,NA,NA,NA,NA,NA,0.625,FALSE,TRUE,"The length of 'order' is not correct",NA,398
4,5,1,"s3",NA,NA,NA,NA,NA,NA,NA,NA,NA,NA,NA,NA,NA,NA,NA,NA,NA,NA,0.555555555555556,FALSE,TRUE,"The length of 'order' is not correct",NA,399
5,5,1,"s3",NA,NA,NA,NA,NA,NA,NA,NA,NA,NA,NA,NA,NA,NA,NA,NA,NA,NA,0.5,FALSE,TRUE,"The length of 'order' is not correct",NA,400
1,1,2,"s3",-257.583212221558,7,64,128.791606110779,-243.583212221558,-228.471030638041,-237.629760540509,-241.583212221558,-232.381969818348,NA,2.2127249457945,0.354718343097263,NA,NA,0.777779152327444,0.0850996610410857,1.23056092094082,0.201893872751208,0.5,FALSE,FALSE,"",-230.490695652305,401
2,1,2,"s3",-253.993334458661,8,63,126.996667229331,-237.993334458661,-220.848256647529,-231.250091552923,-235.326667791995,-228.41510552333,NA,2.02863131950757,0.414549427917749,NA,NA,0.798070816259836,0.0779848797681466,1.04257111854623,0.225740464691861,0.333333333333333,FALSE,FALSE,"",-226.321256988816,402
3,1,2,"s3",-255.371862761373,9,62,127.685931380687,-237.371862761373,-218.227653295968,-229.855363133759,-233.910324299835,-229.15270870218,NA,1.63157820905259,0.56670545902085,NA,NA,0.674986398389976,0.237836828084221,2.16016984789057,0.113115551339542,0.25,FALSE,FALSE,"",-225.746663593971,403
4,1,2,"s3",-251.627317712602,10,61,125.813658856301,-231.627317712602,-210.518579070869,-223.354605214039,-227.227317712602,-224.052208276805,NA,1.55319736091142,0.599569222376418,NA,NA,0.406439814041275,1.28357565806892,4.66589311798228,0.0486153044671538,0.2,FALSE,FALSE,"",-220.079418310069,404
5,1,2,"s3",-247.948358085302,11,60,123.974179042651,-225.948358085302,-202.910567900859,-216.937011863866,-220.448358085302,-219.811086218861,NA,1.27892181944417,0.716043644547499,NA,NA,-5.74471710079512,258.237314996315,60.9690500561636,0.0035910015983992,0.166666666666667,FALSE,FALSE,"",-214.71679803496,405
1,2,2,"s3",-262.336434029841,8,63,131.16821701492,-246.336434029841,-229.191356218708,-239.593191124102,-243.669767363174,-234.533888324174,NA,2.35249501188479,0.312475513165087,NA,NA,0.751617137743636,0.137091055081376,1.65765593190146,0.12562353042319,0.666666666666667,FALSE,FALSE,"",-230.343529686309,406
2,2,2,"s3",-263.738326386524,9,63,131.869163193262,-245.738326386524,-226.450113849,-238.152178117568,-242.342099971429,-235.391582639475,NA,2.69053638711019,0.227717445626322,NA,NA,0.789693445619503,0.0990409082954114,1.28867893867113,0.168482214682547,0.5,FALSE,FALSE,"",-231.717853709619,407
3,2,2,"s3",-266.561379704107,10,62,133.280689852053,-246.561379704107,-225.290035853656,-238.209713451202,-242.247654213911,-237.848537238395,NA,3.44671766949492,0.106447750105335,NA,NA,0.538432086095702,0.638670157475382,3.92402178510625,0.0580249399677737,0.4,FALSE,FALSE,"",-234.515482019603,408
4,2,2,"s3",-261.652604256996,11,61,130.826302128498,-239.652604256996,-216.43299175109,-230.552620508576,-234.264849154955,-231.463420635282,NA,2.91248547969558,0.183747503283332,NA,NA,0.607175221942681,0.553053804211474,3.27104734270442,0.0647864042738477,0.333333333333333,FALSE,FALSE,"",-228.327723594915,409
5,2,2,"s3",-263.091886364894,12,60,131.545943182447,-239.091886364894,-213.959751618229,-229.261326850599,-232.453588492554,-231.831184668113,NA,1.70280813403384,0.537961283835134,NA,NA,0.543877474947259,0.958308591267724,3.83534551060521,0.0468754929632741,0.285714285714286,FALSE,FALSE,"",-227.20429026042,410
1,3,2,"s3",-268.736514932434,9,62,134.368257466217,-250.736514932434,-231.592305467028,-243.22001530482,-247.274976470896,-239.283218388352,NA,5.28106500412349,0.0141620979380995,NA,NA,0.71058953283365,0.172452955051356,2.38460010417065,0.103654284407707,0.75,TRUE,FALSE,"",-235.207166689848,411
2,3,2,"s3",-268.787432503776,10,62,134.393716251888,-248.787432503776,-227.516088653325,-240.435766250872,-244.47370701358,-237.794735826021,NA,5.17047930021764,0.0158125710784301,NA,NA,0.724030763076917,0.167512739853581,2.22312594078269,0.111587591928835,0.6,TRUE,FALSE,"",-234.85198179856,412
3,3,2,"s3",-270.437613161227,11,62,135.218806580614,-248.437613161227,-225.039134925731,-239.250780283032,-243.157613161227,-238.559384109466,NA,4.66196813337324,0.0274507334398526,NA,NA,0.532639547731035,0.658278278738849,4.32614596069381,0.0559065364742082,0.5,TRUE,FALSE,"",-235.991209968292,413
4,3,2,"s3",-265.204466256856,12,61,132.602233128428,-241.204466256856,-215.873979886776,-231.27721125858,-234.704466256856,-232.151435026298,NA,3.98358751986959,0.0591597854171613,NA,NA,0.595499160301154,0.567994050533454,3.65243164592901,0.064055022595907,0.428571428571429,TRUE,FALSE,"",-228.451135646168,414
5,3,2,"s3",-267.217821322648,13,60,133.608910661324,-241.217821322648,-213.991342013761,-230.568048515496,-233.304777844388,-232.934475642914,NA,2.57095837656762,0.255535087181575,NA,NA,0.705378795337512,0.305038104002116,2.31773563943244,0.0872633991115175,0.375,FALSE,FALSE,"",-228.483597994943,415
1,4,2,"s3",-264.035706772724,10,61,132.017853386362,-244.035706772724,-222.926968130991,-235.76299427416,-239.635706772724,-232.545082439928,NA,4.48753013238079,0.0336909634299345,NA,NA,0.73982475518964,0.143357572884319,2.12467975756121,0.12129744025098,0.8,TRUE,FALSE,"",-229.689826288742,416
2,4,2,"s3",-264.048123347388,11,61,132.024061673694,-242.048123347388,-218.828510841482,-232.948139598968,-236.660368245347,-231.261006891312,NA,4.16221417625122,0.0485077081941754,NA,NA,0.744514846795617,0.146807962407802,2.06626200934985,0.124291158390831,0.666666666666667,TRUE,FALSE,"",-228.589121712402,417
3,4,2,"s3",-266.819260450764,12,61,133.409630225382,-242.819260450764,-217.488774080684,-232.892005452488,-236.319260450764,-232.801291380138,NA,4.47501788127245,0.0342284234738396,NA,NA,0.548100455362749,0.608969368039933,4.40989433880936,0.0584607425440009,0.571428571428571,TRUE,FALSE,"",-229.885719954654,418
4,4,2,"s3",-267.189462197002,13,61,133.594731098501,-241.189462197002,-213.748101962749,-230.434935948869,-233.444781345938,-232.071249209063,NA,4.42917751881297,0.0359635719150711,NA,NA,0.676804771437678,0.314781742085543,2.89262878989089,0.0897971420388914,0.5,TRUE,FALSE,"",-228.36493811558,419
5,4,2,"s3",-268.211053512003,14,60,134.105526756001,-240.211053512003,-210.890229640893,-228.742067411992,-230.877720178669,-231.935551987595,NA,2.65834061450932,0.234909978445829,NA,NA,0.73407288003787,0.227666121426489,2.10527576412518,0.105536139700426,0.444444444444444,FALSE,FALSE,"",-228.090214274237,420
1,5,2,"s3",-268.344567187018,11,60,134.172283593509,-246.344567187018,-223.306777002575,-237.333220965581,-240.844567187018,-235.038514398303,NA,3.22316411173415,0.134190911546288,NA,NA,0.750421450867968,0.135117264479661,2.02436069817261,0.119876875118514,0.833333333333333,FALSE,FALSE,"",-232.19631014265,421
2,5,2,"s3",-268.419353886545,12,60,134.209676943272,-244.419353886545,-219.28721913988,-234.58879437225,-237.781056014205,-234.06214851683,NA,3.17928457107957,0.140636219797111,NA,NA,0.73773046925653,0.161632244217592,2.17985241526194,0.111554372299784,0.714285714285714,FALSE,FALSE,"",-230.200142447634,422
3,5,2,"s3",-269.982140412971,13,60,134.991070206485,-243.982140412971,-216.755661104083,-233.332367605818,-236.06909693471,-234.528141140749,NA,3.5939326541399,0.090902310968808,NA,NA,0.641836440543892,0.346524734962906,3.39112730346822,0.0757499271414004,0.625,TRUE,FALSE,"",-229.868549291914,423
4,5,2,"s3",-269.992084602957,14,60,134.996042301478,-241.992084602957,-212.671260731847,-230.523098502946,-232.658751269623,-233.006079828244,NA,3.43758951866505,0.107489114722039,NA,NA,0.623630832615066,0.452241928749911,3.61607138699579,0.071201490018129,0.555555555555556,FALSE,FALSE,"",-227.138258445606,424
5,5,2,"s3",-271.42165470846,15,60,135.71082735423,-241.42165470846,-210.006486275129,-229.133455315592,-230.512563799369,-233.288067719083,NA,3.56671604382672,0.0935885021288827,NA,NA,0.744105155676449,0.178539018373951,2.111050344388,0.127246735048141,0.5,TRUE,FALSE,"",-227.1329920822,425
1,1,3,"s3",-257.583212221558,7,64,128.791606110779,-243.583212221558,-228.471030638041,-237.629760540509,-241.583212221558,-232.381969818348,NA,3.0584566281035,0.311803430243277,-2.37544248944046,0.25682708435392,0.777779152327444,0.0850996610410857,1.23056092094082,0.201893872751208,0.5,FALSE,FALSE,"",-230.490695652305,426
2,1,3,"s3",-253.993334458661,8,63,126.996667229331,-237.993334458661,-220.848256647529,-231.250091552923,-235.326667791995,-228.41510552333,NA,2.89684724953492,0.343163346102144,-2.31051564356143,0.283062747449776,0.798070816259836,0.0779848797681466,1.04257111854623,0.225740464691861,0.333333333333333,FALSE,FALSE,"",-226.321256988816,427
3,1,3,"s3",-255.371862761373,9,62,127.685931380687,-237.371862761373,-218.227653295968,-229.855363133759,-233.910324299835,-229.15270870218,NA,1.36797867664719,0.723052637816921,-1.02539422929032,0.811099974270324,0.674986398389976,0.237836828084221,2.16016984789057,0.113115551339542,0.25,FALSE,FALSE,"",-225.746663593971,428
4,1,3,"s3",-251.627317712602,10,61,125.813658856301,-231.627317712602,-210.518579070869,-223.354605214039,-227.227317712602,-224.052208276805,NA,0.934731600672762,0.832720018553186,-0.379340379387801,0.936659177765616,0.406439814041275,1.28357565806892,4.66589311798228,0.0486153044671538,0.2,FALSE,FALSE,"",-220.079418310069,429
5,1,3,"s3",-247.948358085302,11,60,123.974179042651,-225.948358085302,-202.910567900859,-216.937011863866,-220.448358085302,-219.811086218861,NA,0.923176566916398,0.835311499412596,-0.0256513930697838,0.969684104076904,-5.74471710079512,258.237314996315,60.9690500561636,0.0035910015983992,0.166666666666667,FALSE,FALSE,"",-214.71679803496,430
1,2,3,"s3",-262.336434029841,8,63,131.16821701492,-246.336434029841,-229.191356218708,-239.593191124102,-243.669767363174,-234.533888324174,NA,1.32486161396305,0.734302258327861,-1.47963657010314,0.653125241187586,0.751617137743636,0.137091055081376,1.65765593190146,0.12562353042319,0.666666666666667,FALSE,FALSE,"",-230.343529686309,431
2,2,3,"s3",-263.738326386524,9,63,131.869163193262,-245.738326386524,-226.450113849,-238.152178117568,-242.342099971429,-235.391582639475,NA,1.82306380602312,0.599214608476691,-1.80715884941746,0.506684410331971,0.789693445619503,0.0990409082954114,1.28867893867113,0.168482214682547,0.5,FALSE,FALSE,"",-231.717853709619,432
3,2,3,"s3",-266.561379704107,10,62,133.280689852053,-246.561379704107,-225.290035853656,-238.209713451202,-242.247654213911,-237.848537238395,NA,0.91467649407743,0.837217835346374,-0.562257660626573,0.911196142133429,0.538432086095702,0.638670157475382,3.92402178510625,0.0580249399677737,0.4,FALSE,FALSE,"",-234.515482019603,433
4,2,3,"s3",-261.652604256996,11,61,130.826302128498,-239.652604256996,-216.43299175109,-230.552620508576,-234.264849154955,-231.463420635282,NA,0.720075918501906,0.880006126323112,-0.542851358835849,0.914025054441936,0.607175221942681,0.553053804211474,3.27104734270442,0.0647864042738477,0.333333333333333,FALSE,FALSE,"",-228.327723594915,434
5,2,3,"s3",-263.091886364894,12,60,131.545943182447,-239.091886364894,-213.959751618229,-229.261326850599,-232.453588492554,-231.831184668113,NA,0.570611914332501,0.910310362673999,-0.374351006869723,0.937295375934746,0.543877474947259,0.958308591267724,3.83534551060521,0.0468754929632741,0.285714285714286,FALSE,FALSE,"",-227.20429026042,435
1,3,3,"s3",-268.736514932434,9,62,134.368257466217,-250.736514932434,-231.592305467028,-243.22001530482,-247.274976470896,-239.283218388352,NA,1.25581118177143,0.752792482533805,-1.29418616113912,0.725599194402249,0.71058953283365,0.172452955051356,2.38460010417065,0.103654284407707,0.75,FALSE,FALSE,"",-235.207166689848,436
2,3,3,"s3",-268.787432503776,10,62,134.393716251888,-248.787432503776,-227.516088653325,-240.435766250872,-244.47370701358,-237.794735826021,NA,1.22744684013862,0.760008310827393,-1.24712539521754,0.743121633218408,0.724030763076917,0.167512739853581,2.22312594078269,0.111587591928835,0.6,FALSE,FALSE,"",-234.85198179856,437
3,3,3,"s3",-270.437613161227,11,62,135.218806580614,-248.437613161227,-225.039134925731,-239.250780283032,-243.157613161227,-238.559384109466,NA,0.91248542709661,0.837709232278845,-0.553494967567013,0.912473505049825,0.532639547731035,0.658278278738849,4.32614596069381,0.0559065364742082,0.5,FALSE,FALSE,"",-235.991209968292,438
4,3,3,"s3",-265.204466256856,12,61,132.602233128428,-241.204466256856,-215.873979886776,-231.27721125858,-234.704466256856,-232.151435026298,NA,0.782802390491804,0.866927706932296,-0.547021355570889,0.913417182049896,0.595499160301154,0.567994050533454,3.65243164592901,0.064055022595907,0.428571428571429,FALSE,FALSE,"",-228.451135646168,439
5,3,3,"s3",-267.217821322648,13,60,133.608910661324,-241.217821322648,-213.991342013761,-230.568048515496,-233.304777844388,-232.934475642914,NA,0.739506761917875,0.87602000784792,-0.702355289600221,0.887082269944911,0.705378795337512,0.305038104002116,2.31773563943244,0.0872633991115175,0.375,FALSE,FALSE,"",-228.483597994943,440
1,4,3,"s3",-264.035706772724,10,61,132.017853386362,-244.035706772724,-222.926968130991,-235.76299427416,-239.635706772724,-232.545082439928,NA,1.27557748025006,0.74749313619403,-1.3792035816585,0.694464232537567,0.73982475518964,0.143357572884319,2.12467975756121,0.12129744025098,0.8,FALSE,FALSE,"",-229.689826288742,441
2,4,3,"s3",-264.048123347388,11,61,132.024061673694,-242.048123347388,-218.828510841482,-232.948139598968,-236.660368245347,-231.261006891312,NA,1.23719647603396,0.757527775370414,-1.3273368159514,0.713792909910242,0.744514846795617,0.146807962407802,2.06626200934985,0.124291158390831,0.666666666666667,FALSE,FALSE,"",-228.589121712402,442
3,4,3,"s3",-266.819260450764,12,61,133.409630225382,-242.819260450764,-217.488774080684,-232.892005452488,-236.319260450764,-232.801291380138,NA,0.867808487080996,0.847665955813244,-0.571802824879554,0.909769994943644,0.548100455362749,0.608969368039933,4.40989433880936,0.0584607425440009,0.571428571428571,FALSE,FALSE,"",-229.885719954654,443
4,4,3,"s3",-267.189462197002,13,61,133.594731098501,-241.189462197002,-213.748101962749,-230.434935948869,-233.444781345938,-232.071249209063,NA,0.922544660335158,0.835453218930232,-0.759826151419116,0.875105935149663,0.676804771437678,0.314781742085543,2.89262878989089,0.0897971420388914,0.5,FALSE,FALSE,"",-228.36493811558,444
5,4,3,"s3",-268.211053512003,14,60,134.105526756001,-240.211053512003,-210.890229640893,-228.742067411992,-230.877720178669,-231.935551987595,NA,0.848660325677485,0.852010021952584,-0.835694033307065,0.858344810647729,0.73407288003787,0.227666121426489,2.10527576412518,0.105536139700426,0.444444444444444,FALSE,FALSE,"",-228.090214274237,445
1,5,3,"s3",-268.344567187018,11,60,134.172283593509,-246.344567187018,-223.306777002575,-237.333220965581,-240.844567187018,-235.038514398303,NA,1.24625331252676,0.75522385643817,-1.37941528512083,0.69438042377123,0.750421450867968,0.135117264479661,2.02436069817261,0.119876875118514,0.833333333333333,FALSE,FALSE,"",-232.19631014265,446
2,5,3,"s3",-268.419353886545,12,60,134.209676943272,-244.419353886545,-219.28721913988,-234.58879437225,-237.781056014205,-234.06214851683,NA,1.08474211874268,0.796621865842315,-1.18533857026806,0.764297021189346,0.73773046925653,0.161632244217592,2.17985241526194,0.111554372299784,0.714285714285714,FALSE,FALSE,"",-230.200142447634,447
3,5,3,"s3",-269.982140412971,13,60,134.991070206485,-243.982140412971,-216.755661104083,-233.332367605818,-236.06909693471,-234.528141140749,NA,0.925793582343753,0.834724573789377,-0.763379393927636,0.874363899206315,0.641836440543892,0.346524734962906,3.39112730346822,0.0757499271414004,0.625,FALSE,FALSE,"",-229.868549291914,448
4,5,3,"s3",-269.992084602957,14,60,134.996042301478,-241.992084602957,-212.671260731847,-230.523098502946,-232.658751269623,-233.006079828244,NA,0.891413562085531,0.842415199465024,-0.630019848148874,0.899779873852365,0.623630832615066,0.452241928749911,3.61607138699579,0.071201490018129,0.555555555555556,FALSE,FALSE,"",-227.138258445606,449
5,5,3,"s3",-271.42165470846,15,60,135.71082735423,-241.42165470846,-210.006486275129,-229.133455315592,-230.512563799369,-233.288067719083,NA,1.15334733871867,0.779166342096072,-1.0173685235253,0.813213737299815,0.744105155676449,0.178539018373951,2.111050344388,0.127246735048141,0.5,FALSE,FALSE,"",-227.1329920822,450
1,1,4,"s3",-259.983354187112,8,64,129.991677093556,-243.983354187112,-226.712289520235,-237.17940940877,-241.36517236893,-216.966336730408,NA,2.79308413693576,0.421516580072943,NA,NA,0.267316388593368,0.374676716855085,4.93182924758641,0.231214955842121,0.5,FALSE,FALSE,"",-216.615362323634,451
2,1,4,"s3",-255.680852118239,9,63,127.840426059119,-237.680852118239,-218.392639580715,-230.094703849283,-234.284625703145,-211.717554981639,NA,2.43625730084731,0.538531145983257,NA,NA,0.38123386196593,0.368807622151746,4.0768574286389,0.248363528286682,0.333333333333333,FALSE,FALSE,"",-210.793191393789,452
3,1,4,"s3",-258.021633545021,10,62,129.010816772511,-238.021633545021,-216.75028969457,-229.669967292117,-233.707908054825,-213.161214092823,NA,1.69070295366398,0.79525030466707,NA,NA,-0.162805934255929,0.882205073979767,8.21592408795907,0.146984102462289,0.25,FALSE,FALSE,"",-211.275680590972,453
4,1,4,"s3",-253.470166321128,11,61,126.735083160564,-231.470166321128,-208.250553815222,-222.370182572708,-226.082411219088,-206.945031231152,NA,1.14086747225399,0.940713723067909,NA,NA,-0.550382306179628,1.91556735295362,11.2285817995173,0.0972397663284523,0.2,FALSE,FALSE,"",-202.622316894295,454
5,1,4,"s3",-249.201876327552,12,60,124.600938163776,-225.201876327552,-200.069741580887,-215.371316813257,-218.563578455211,-201.535874986581,NA,0.953406661994799,0.96978727752444,NA,NA,-1.07147396479029,4.31090142564085,15.2415371819943,0.0635546275222374,0.166666666666667,FALSE,FALSE,"",-198.109296792822,455
1,2,4,"s3",-262.794718312793,9,63,131.397359156397,-244.794718312793,-225.50650577527,-237.208570043837,-241.398491897699,-218.308007608833,NA,1.00492910616873,0.962685408648477,NA,NA,0.392039232144162,0.581610679964458,4.22899895903006,0.142417431491594,0.666666666666667,FALSE,FALSE,"",-216.323509391261,456
2,2,4,"s3",-264.075810708588,10,63,132.037905354294,-244.075810708588,-222.644463444672,-235.646757076414,-239.845041477818,-218.783106744753,NA,1.29416852651715,0.908456835660901,NA,NA,0.544288193221109,0.464624991924413,3.0541304561027,0.180941016007654,0.5,FALSE,FALSE,"",-216.543483909953,457
3,2,4,"s3",-267.419595268057,11,62,133.709797634029,-245.419595268057,-222.021117032561,-236.232762389862,-240.139595268057,-221.239136636419,NA,0.843347058670496,0.981645251939348,NA,NA,-0.248953848566835,1.60291640420531,9.36368277104591,0.0800528299066123,0.4,FALSE,FALSE,"",-218.922965596563,458
4,2,4,"s3",-262.317148953127,12,61,131.158574476563,-238.317148953127,-212.986662583047,-228.38989395485,-231.817148953127,-214.556509987754,NA,0.654513750977081,0.991955790320735,NA,NA,-0.03540755502332,1.35572387285693,7.68434022762919,0.0915591829207114,0.333333333333333,FALSE,FALSE,"",-210.608605343699,459
5,2,4,"s3",-263.284988567971,13,60,131.642494283985,-237.284988567971,-210.058509259084,-226.635215760818,-229.37194508971,-214.18309508711,NA,0.424185850813766,0.997120003527136,NA,NA,0.113930776056537,1.65004299435204,6.6447442625897,0.0672066039647574,0.285714285714286,FALSE,FALSE,"",-211.409804158575,460
1,3,4,"s3",-268.974274042104,10,62,134.487137021052,-248.974274042104,-227.702930191653,-240.622607789199,-244.660548551907,-223.129866790083,NA,0.891165004939917,0.976857944812464,NA,NA,0.393090159835265,0.732483330423868,4.61836755010996,0.113688757062455,0.75,FALSE,FALSE,"",-221.022976392739,461
2,3,4,"s3",-269.0403254378,11,62,134.5201627189,-247.0403254378,-223.641847202304,-237.853492559605,-241.7603254378,-221.989977212821,NA,0.875324886055298,0.978647623852361,NA,NA,0.421498194615952,0.688996644725096,4.34940033791727,0.123053812230114,0.6,FALSE,FALSE,"",-219.916742709855,462
3,3,4,"s3",-270.64956039071,12,62,135.324780195355,-246.64956039071,-221.123947770169,-236.627560887225,-240.282213451934,-222.674714985575,NA,0.6555105311542,0.991933441376682,NA,NA,0.064420529461826,1.55609188549098,7.48251485866237,0.0670320482303075,0.5,FALSE,FALSE,"",-220.399479518983,463
4,3,4,"s3",-265.384024289317,13,61,132.692012144658,-239.384024289317,-211.942664055064,-228.629498041184,-231.639343438253,-215.957998960233,NA,0.559891486379517,0.994077328997152,NA,NA,0.206643777385162,1.33729243787746,6.25686277892653,0.0779818808103907,0.428571428571429,FALSE,FALSE,"",-211.154994455539,464
5,3,4,"s3",-267.262969117043,14,60,133.631484558521,-239.262969117043,-209.942145245933,-227.793983017032,-229.929635783709,-216.625798162812,NA,0.494420373443319,0.995545265733531,NA,NA,0.547185394092892,0.898512741131341,3.40008921925481,0.0963418314001789,0.375,FALSE,FALSE,"",-213.207555515126,465
1,4,4,"s3",-264.147701863165,11,61,132.073850931583,-242.147701863165,-218.928089357259,-233.047718114745,-236.759946761124,-216.842002634504,NA,0.86587071699319,0.979715793121376,NA,NA,0.532567165588297,0.688486741725134,3.58258812945172,0.128688616361502,0.8,FALSE,FALSE,"",-213.671971917873,466
2,4,4,"s3",-264.161928942632,12,61,132.080964471316,-240.161928942632,-214.831442572552,-230.234673944355,-233.661928942632,-215.744848274401,NA,0.840312105766313,0.981894812780726,NA,NA,0.540759267714518,0.68205001359088,3.49934257845818,0.131951724956653,0.666666666666667,FALSE,FALSE,"",-212.049554487447,467
3,4,4,"s3",-266.83784641314,13,61,133.41892320657,-240.83784641314,-213.396486178887,-230.083320165007,-233.093165562076,-217.209146834129,NA,0.571780525192133,0.99381076323936,NA,NA,0.389510397098257,1.4826645949424,5.45855349762923,0.0621808692464674,0.571428571428571,FALSE,FALSE,"",-212.588494662613,468
4,4,4,"s3",-267.21608255954,14,61,133.60804127977,-239.21608255954,-209.663848461114,-227.634285061551,-230.085647776932,-216.498347855498,NA,0.609317933348474,0.992969131900745,NA,NA,0.547192953735742,0.968288119625864,3.77620638317312,0.0946015907881179,0.5,FALSE,FALSE,"",-210.715149063418,469
5,4,4,"s3",-268.212837539648,15,60,134.106418769824,-238.212837539648,-206.797669106316,-225.924638146779,-227.303746630557,-216.273408280419,NA,0.553936596114006,0.994210844402493,NA,NA,0.704959001942535,0.823614347122212,2.30484242868928,0.107218436344981,0.444444444444444,FALSE,FALSE,"",-212.86141375286,470
1,5,4,"s3",-268.445359404939,12,60,134.222679702469,-244.445359404939,-219.313224658274,-234.614799890644,-237.807061532599,-220.010222003523,NA,0.842148588814212,0.981743800798307,NA,NA,0.964943276615446,0.808628999622153,0.51194642477247,0.114127645190638,0.833333333333333,FALSE,FALSE,"",-216.714626532751,471
2,5,4,"s3",-268.524569932883,13,60,134.262284966442,-242.524569932883,-215.298090623996,-231.874797125731,-234.611526454622,-219.064554644147,NA,0.736835537271034,0.990110042342951,NA,NA,0.973755907217614,0.88729746442794,0.52165460919744,0.105444642534633,0.714285714285714,FALSE,FALSE,"",-214.674053884808,472
3,5,4,"s3",-270.245260792249,14,60,135.122630396124,-242.245260792249,-212.924436921139,-230.776274692238,-232.911927458915,-219.656930403337,NA,0.67410826969626,0.991516458948935,NA,NA,1.23017673109927,1.66836333147056,-0.606703120725697,0.0640297838813773,0.625,FALSE,FALSE,"",-214.175045981673,473
4,5,4,"s3",-270.277967715777,15,60,135.138983857888,-240.277967715777,-208.862799282445,-227.989768322908,-229.368876806686,-218.204735362616,NA,0.655774599495107,0.991927520664461,NA,NA,1.32029525455028,2.16891115196883,-0.979356070275602,0.0550606940464191,0.555555555555556,FALSE,FALSE,"",-211.180699545904,474
5,5,4,"s3",-271.558102144923,16,60,135.779051072462,-239.558102144923,-206.048589149369,-226.450689459197,-226.906939354225,-218.226678455591,NA,0.786915028776473,0.986285595729075,NA,NA,0.985723496796783,0.874082335549687,0.467675830525204,0.11356936526334,0.5,FALSE,FALSE,"",-211.949998566237,475
1,1,5,"s3",-259.983354187112,8,64,129.991677093556,-243.983354187112,-226.712289520235,-237.17940940877,-241.36517236893,-216.966336730408,NA,4.06118043898429,0.357507210790199,-2.67273568539003,0.354483396466991,0.267316388593368,0.374676716855085,4.93182924758641,0.231214955842121,0.5,FALSE,FALSE,"",-216.615362323634,476
2,1,5,"s3",-255.680852118239,9,63,127.840426059119,-237.680852118239,-218.392639580715,-230.094703849283,-234.284625703145,-211.717554981639,NA,3.51995666859875,0.463284857137948,-2.5069999689359,0.434360230459482,0.38123386196593,0.368807622151746,4.0768574286389,0.248363528286682,0.333333333333333,FALSE,FALSE,"",-210.793191393789,477
3,1,5,"s3",-258.021633545021,10,62,129.010816772511,-238.021633545021,-216.75028969457,-229.669967292117,-233.707908054825,-213.161214092823,NA,1.98918050818157,0.796107907873333,-1.32051442116362,0.900340365396914,-0.162805934255929,0.882205073979767,8.21592408795907,0.146984102462289,0.25,FALSE,FALSE,"",-211.275680590972,478
4,1,5,"s3",-253.470166321128,11,61,126.735083160564,-231.470166321128,-208.250553815222,-222.370182572708,-226.082411219088,-206.945031231152,NA,1.11304925636887,0.933552467984245,-0.728924946474838,0.972666207960082,-0.550382306179628,1.91556735295362,11.2285817995173,0.0972397663284523,0.2,FALSE,FALSE,"",-202.622316894295,479
5,1,5,"s3",-249.201876327552,12,60,124.600938163776,-225.201876327552,-200.069741580887,-215.371316813257,-218.563578455211,-201.535874986581,NA,0.75445441173664,0.96674367643077,-0.417790263151099,0.98740490591049,-1.07147396479029,4.31090142564085,15.2415371819943,0.0635546275222374,0.166666666666667,FALSE,FALSE,"",-198.109296792822,480
1,2,5,"s3",-262.794718312793,9,63,131.397359156397,-244.794718312793,-225.50650577527,-237.208570043837,-241.398491897699,-218.308007608833,NA,1.30810604722534,0.909960722238073,-1.59188395547734,0.83373211988385,0.392039232144162,0.581610679964458,4.22899895903006,0.142417431491594,0.666666666666667,FALSE,FALSE,"",-216.323509391261,481
2,2,5,"s3",-264.075810708588,10,63,132.037905354294,-244.075810708588,-222.644463444672,-235.646757076414,-239.845041477818,-218.783106744753,NA,1.76992441951308,0.838132074863851,-1.87086177957079,0.737251148068773,0.544288193221109,0.464624991924413,3.0541304561027,0.180941016007654,0.5,FALSE,FALSE,"",-216.543483909953,482
3,2,5,"s3",-267.419595268057,11,62,133.709797634029,-245.419595268057,-222.021117032561,-236.232762389862,-240.139595268057,-221.239136636419,NA,0.684998009696694,0.97175595322352,-0.750014658424362,0.971371076198219,-0.248953848566835,1.60291640420531,9.36368277104591,0.0800528299066123,0.4,FALSE,FALSE,"",-218.922965596563,483
4,2,5,"s3",-262.317148953127,12,61,131.158574476563,-238.317148953127,-212.986662583047,-228.38989395485,-231.817148953127,-214.556509987754,NA,0.534403118718468,0.980987893854736,-0.730447384474341,0.97257271413649,-0.03540755502332,1.35572387285693,7.68434022762919,0.0915591829207114,0.333333333333333,FALSE,FALSE,"",-210.608605343699,484
5,2,5,"s3",-263.284988567971,13,60,131.642494283985,-237.284988567971,-210.058509259084,-226.635215760818,-229.37194508971,-214.18309508711,NA,0.199533924546977,0.994306802616392,-0.491594955375202,0.98455419445757,0.113930776056537,1.65004299435204,6.6447442625897,0.0672066039647574,0.285714285714286,FALSE,FALSE,"",-211.409804158575,485
1,3,5,"s3",-268.974274042104,10,62,134.487137021052,-248.974274042104,-227.702930191653,-240.622607789199,-244.660548551907,-223.129866790083,NA,0.951733681625416,0.95005584155702,-1.35718595941865,0.892645296299705,0.393090159835265,0.732483330423868,4.61836755010996,0.113688757062455,0.75,FALSE,FALSE,"",-221.022976392739,486
2,3,5,"s3",-269.0403254378,11,62,134.5201627189,-247.0403254378,-223.641847202304,-237.853492559605,-241.7603254378,-221.989977212821,NA,0.902343326638567,0.954482004672362,-1.31471943903837,0.901559343429232,0.421498194615952,0.688996644725096,4.34940033791727,0.123053812230114,0.6,FALSE,FALSE,"",-219.916742709855,487
3,3,5,"s3",-270.64956039071,12,62,135.324780195355,-246.64956039071,-221.123947770169,-236.627560887225,-240.282213451934,-222.674714985575,NA,0.31696893612478,0.990951845583603,-0.636419295885204,0.978347035015338,0.064420529461826,1.55609188549098,7.48251485866237,0.0670320482303075,0.5,FALSE,FALSE,"",-220.399479518983,488
4,3,5,"s3",-265.384024289317,13,61,132.692012144658,-239.384024289317,-211.942664055064,-228.629498041184,-231.639343438253,-215.957998960233,NA,0.276910247917581,0.992096267301789,-0.629887430352334,0.978748160764997,0.206643777385162,1.33729243787746,6.25686277892653,0.0779818808103907,0.428571428571429,FALSE,FALSE,"",-211.154994455539,489
5,3,5,"s3",-267.262969117043,14,60,133.631484558521,-239.262969117043,-209.942145245933,-227.793983017032,-229.929635783709,-216.625798162812,NA,0.260932274998786,0.992552736049,-0.715303688450994,0.973502697521695,0.547185394092892,0.898512741131341,3.40008921925481,0.0963418314001789,0.375,FALSE,FALSE,"",-213.207555515126,490
1,4,5,"s3",-264.147701863165,11,61,132.073850931583,-242.147701863165,-218.928089357259,-233.047718114745,-236.759946761124,-216.842002634504,NA,0.979969035879156,0.94728938648261,-1.39833267513571,0.88387130764722,0.532567165588297,0.688486741725134,3.58258812945172,0.128688616361502,0.8,FALSE,FALSE,"",-213.671971917873,491
2,4,5,"s3",-264.161928942632,12,61,132.080964471316,-240.161928942632,-214.831442572552,-230.234673944355,-233.661928942632,-215.744848274401,NA,0.914222743613987,0.953417419547141,-1.34869754926943,0.894426283268693,0.540759267714518,0.68205001359088,3.49934257845818,0.131951724956653,0.666666666666667,FALSE,FALSE,"",-212.049554487447,492
3,4,5,"s3",-266.83784641314,13,61,133.41892320657,-240.83784641314,-213.396486178887,-230.083320165007,-233.093165562076,-217.209146834129,NA,0.179528141607171,0.994878340365387,-0.576998366122079,0.981255481682028,0.389510397098257,1.4826645949424,5.45855349762923,0.0621808692464674,0.571428571428571,FALSE,FALSE,"",-212.588494662613,493
4,4,5,"s3",-267.21608255954,14,61,133.60804127977,-239.21608255954,-209.663848461114,-227.634285061551,-230.085647776932,-216.498347855498,NA,0.299710712642851,0.991444889331513,-0.762745412855698,0.970589272992184,0.547192953735742,0.968288119625864,3.77620638317312,0.0946015907881179,0.5,FALSE,FALSE,"",-210.715149063418,494
5,4,5,"s3",-268.212837539648,15,60,134.106418769824,-238.212837539648,-206.797669106316,-225.924638146779,-227.303746630557,-216.273408280419,NA,0.314324043392364,0.991027406537311,-0.790057793994648,0.968585396385343,0.704959001942535,0.823614347122212,2.30484242868928,0.107218436344981,0.444444444444444,FALSE,FALSE,"",-212.86141375286,495
1,5,5,"s3",-268.445359404939,12,60,134.222679702469,-244.445359404939,-219.313224658274,-234.614799890644,-237.807061532599,-220.010222003523,NA,0.905104325063903,0.954234575201669,-1.26759168613234,0.911232843154225,0.964943276615446,0.808628999622153,0.51194642477247,0.114127645190638,0.833333333333333,FALSE,FALSE,"",-216.714626532751,496
2,5,5,"s3",-268.524569932883,13,60,134.262284966442,-242.524569932883,-215.298090623996,-231.874797125731,-234.611526454622,-219.064554644147,NA,0.660532019529824,0.973302576669766,-1.08285694557288,0.939765846274479,0.973755907217614,0.88729746442794,0.52165460919744,0.105444642534633,0.714285714285714,FALSE,FALSE,"",-214.674053884808,497
3,5,5,"s3",-270.245260792249,14,60,135.122630396124,-242.245260792249,-212.924436921139,-230.776274692238,-232.911927458915,-219.656930403337,NA,0.283279927928566,0.991914294289973,-0.619114653981727,0.979409723373079,1.23017673109927,1.66836333147056,-0.606703120725697,0.0640297838813773,0.625,FALSE,FALSE,"",-214.175045981673,498
4,5,5,"s3",-270.277967715777,15,60,135.138983857888,-240.277967715777,-208.862799282445,-227.989768322908,-229.368876806686,-218.204735362616,NA,0.192853568229971,0.994497651223687,-0.46195726502467,0.985698952341849,1.32029525455028,2.16891115196883,-0.979356070275602,0.0550606940464191,0.555555555555556,FALSE,FALSE,"",-211.180699545904,499
5,5,5,"s3",-271.558102144923,16,60,135.779051072462,-239.558102144923,-206.048589149369,-226.450689459197,-226.906939354225,-218.226678455591,NA,0.451119006640429,0.985064475756342,-0.850516604048173,0.963758031451044,0.985723496796783,0.874082335549687,0.467675830525204,0.11356936526334,0.5,FALSE,FALSE,"",-211.949998566237,500
